"Median Home Price","Building permits","Unemployment","ValuePerSquareFoot","Foreclosures","Gas Consumption","Electricity","Median Income","Population Density","Crime Occurrences","Passenger Fares","Vehicle Hours Driven","Vehicle Miles Driven","HAI"
-1.07317037164028,NA,-1.04034710742599,NA,NA,-1.06444339688293,-0.742877224057295,NA,-0.702628667849348,1.22696778374401,NA,NA,NA,NA
-1.10796636890206,NA,-1.08968466961302,NA,NA,1.15623473804946,1.07986250841817,NA,1.26686716314842,1.29886586199788,NA,NA,NA,NA
-1.07818917177142,NA,-1.13902223180005,NA,NA,1.16054844352669,1.08089215576995,NA,1.26842108418916,1.37076394025174,NA,NA,NA,NA
-1.05698003768127,NA,-0.991009545238952,NA,NA,-1.06422268247335,-0.742877193167875,NA,-0.702628648320105,1.44266201850561,NA,NA,NA,NA
-1.0419388919995,NA,-1.04034710742599,NA,NA,1.16917585448116,1.08295145047354,NA,1.27152892627062,1.51456009675947,NA,NA,NA,NA
-1.04723227694024,NA,-0.941671983051918,NA,NA,1.17348955995839,1.08398109782532,NA,1.27308284731136,1.58645817501334,NA,NA,NA,NA
-1.0387608270735,NA,-0.694984172116752,NA,NA,-1.06442319076079,-0.742877162278454,NA,-0.702628666068877,1.6583562532672,NA,NA,NA,NA
-1.06138356444273,NA,-0.793659296490819,NA,NA,1.18211697091286,1.0860403925289,NA,1.27619068939281,1.73025433152107,NA,NA,NA,NA
-1.07901292620024,NA,-0.793659296490819,NA,NA,1.18643067639009,1.08707003988069,NA,1.27774461043355,1.80215240977493,NA,NA,NA,NA
-1.09887964566565,NA,-0.892334420864885,NA,NA,-1.06422009425007,-0.742877131389034,NA,-0.70262864822687,1.87405048802879,NA,NA,NA,NA
-1.07328732442956,NA,-0.793659296490819,NA,NA,1.19505808734456,1.08912933458427,NA,1.28085245251501,1.94594856628266,NA,NA,NA,NA
-1.1137885838465,NA,-0.842996858677852,NA,NA,1.19937179282179,1.09015898193605,NA,1.28240637355575,2.01784664453652,NA,NA,NA,NA
-1.12207189226962,NA,-0.398958798994552,NA,NA,-1.06444334511847,-0.742893607256249,NA,-0.702628666059553,2.08974472279039,NA,NA,NA,-0.64568785995193
-1.08971156396712,NA,-0.300283674620485,NA,NA,1.17969078795111,-0.742877131010376,NA,1.28567627534051,2.09276297558134,NA,NA,NA,-0.763814831507223
-1.09544733554557,NA,-0.300283674620485,NA,NA,1.15569607760318,-0.742877161521139,NA,1.28739225608453,2.0957812283723,NA,NA,NA,-0.64568785995193
-1.03735739360218,NA,-0.398958798994552,NA,NA,-1.06422599855153,-0.742877192031902,NA,-0.702628468872452,2.09879948116326,NA,NA,NA,-1.00006877461781
-1.00332413192263,NA,-0.300283674620485,NA,NA,1.10770665690735,-0.742877222542665,NA,1.29082421757259,2.10181773395421,NA,NA,NA,-1.1181957461731
-1.05801735807311,NA,-0.152270988059386,NA,NA,1.08371194655942,-0.74289362251163,NA,1.2925401983166,2.10483598674517,NA,NA,NA,-0.763814831507223
-1.03303522530282,NA,-0.00425830149828543,NA,NA,-1.06442437162108,-0.742877283564191,NA,-0.702628648077294,2.10785423953612,NA,NA,NA,-0.881941803062517
-1.04570172087188,NA,-0.102933425872352,NA,NA,1.03572252586359,-0.742877314074954,NA,1.29597215980466,2.11087249232708,NA,NA,NA,-0.763814831507223
-1.07997397303386,NA,-0.102933425872352,NA,NA,1.01172781551567,-0.742877344585718,NA,1.29768814054868,2.11389074511804,NA,NA,NA,-0.527560888396636
-1.09601684478031,NA,-0.201608550246419,NA,NA,-1.06424039537774,-0.742877375096481,NA,-0.702628467842863,2.11690899790899,NA,NA,NA,-0.291306945286049
-1.09885422114624,NA,-0.300283674620485,NA,NA,0.963738394819832,-0.742893637767012,NA,1.30112010203674,2.11992725069995,NA,NA,NA,-0.173179973730755
-1.06276665829853,NA,-0.398958798994552,NA,NA,0.939743684471907,-0.742877436118007,NA,1.30283608278076,2.1229455034909,NA,NA,NA,-0.291306945286049
-1.14257422472023,NA,0.193091947249848,NA,NA,-1.06444363305499,-0.74287746662877,NA,-0.702628666038961,2.12596375628186,NA,NA,NA,0.29932791249042
-1.1390453014264,NA,0.242429509436881,NA,NA,0.930091756118277,1.05847869378626,NA,1.30542811197802,2.11628943189352,NA,NA,NA,0.181200940935127
-1.09001157329614,NA,0.193091947249848,NA,NA,0.944434538112572,1.06238167392189,NA,1.30630416043127,2.10661510750518,NA,NA,NA,-0.0550530021754609
-1.06911770324665,NA,0.143754385062814,NA,NA,-1.06444359002664,-0.742877349539366,NA,-0.702628647948053,2.09694078311685,NA,NA,NA,-0.173179973730755
-1.09823386287268,NA,0.291767071623914,NA,NA,0.973120102101147,1.07018763419315,NA,1.30805625733774,2.08726645872851,NA,NA,NA,0.0630739693798329
-1.05417317073863,NA,0.538454882559081,NA,NA,0.987462884095442,1.07409061432878,NA,1.30893230579098,2.07759213434017,NA,NA,NA,-0.0550530021754609
-1.09348964755115,NA,0.587792444746114,NA,NA,-1.0644435469983,-0.742893620451284,NA,-0.702628666033705,2.06791780995184,NA,NA,NA,0.29932791249042
-1.08658434807994,NA,0.489117320372048,NA,NA,1.01614844808402,1.08189657460004,NA,1.31068440269745,2.0582434855635,NA,NA,NA,0.29932791249042
-1.10700023716456,NA,0.439779758185014,NA,NA,1.03049123007831,1.08579955473568,NA,1.31156045115069,2.04856916117516,NA,NA,NA,0.535581855601008
-1.13024333280735,NA,0.193091947249848,NA,NA,-1.06444350396995,-0.742877115360557,NA,-0.702628647895491,2.03889483678682,NA,NA,NA,0.653708827156302
-1.11707851665789,NA,0.291767071623914,NA,NA,1.05917679406688,1.09360551500693,NA,1.31331254805716,2.02922051239849,NA,NA,NA,0.535581855601008
-1.09263538369904,NA,0.0944168228757808,NA,NA,1.07351957606118,1.09750849514257,NA,1.3141885965104,2.01954618801015,NA,NA,NA,0.417454884045714
-1.15740688934285,NA,0.439779758185014,NA,NA,-1.06444539801878,-0.742876998271153,NA,-0.702628666028449,2.00987186362181,NA,NA,NA,0.889962770266889
-1.19749627154538,NA,0.439779758185014,NA,NA,-1.06442424138826,1.11631973164179,NA,-0.702628647866042,1.9805078449437,NA,NA,NA,1.24434368493277
-1.12318548621969,NA,0.341104633810947,NA,NA,-1.06444349118529,1.13122798800538,NA,-0.702628666027815,1.95114382626558,NA,NA,NA,0.889962770266889
-1.10444253051212,NA,0.291767071623914,NA,NA,-1.06442454382505,-0.74100640965461,NA,-0.702628647859708,1.92177980758747,NA,NA,NA,0.889962770266889
-1.10496119070804,NA,0.291767071623914,NA,NA,-1.06444559233137,1.16104450073257,NA,-0.702628666027182,1.89241578890936,NA,NA,NA,0.889962770266889
-1.06233952637247,NA,0.489117320372048,NA,NA,-1.06442484626185,1.17595275709616,NA,-0.702628647853373,1.86305177023124,NA,NA,NA,0.653708827156302
-1.12778732423254,NA,0.637130006933147,NA,NA,-1.06444355167264,-0.74270206569484,NA,-0.702628666026549,1.83368775155313,NA,NA,NA,1.12621671337748
-1.08466733931658,NA,0.538454882559081,NA,NA,-1.06442514869864,1.20576926982335,NA,-0.702628647847039,1.80432373287502,NA,NA,NA,0.889962770266889
-1.14509125214162,NA,0.439779758185014,NA,NA,-1.06444541011625,1.22067752618694,NA,-0.702628666025915,1.7749597141969,NA,NA,NA,1.36247065648806
-1.16078835042412,NA,0.341104633810947,NA,NA,-1.06442545113543,-0.740916960116429,NA,-0.702628647840705,1.74559569551879,NA,NA,NA,1.59872459959865
-1.12623134364477,NA,0.193091947249848,NA,NA,-1.06444361216,1.25049403891413,NA,-0.702628666025282,1.71623167684067,NA,NA,NA,1.36247065648806
-1.16548680161072,NA,-0.102933425872352,NA,NA,-1.06442575357222,1.26540229527772,NA,-0.702628647834371,1.68686765816256,NA,NA,NA,1.59872459959865
-1.16636140507835,NA,0.439779758185014,NA,NA,-1.06444541616499,-0.74287520928039,NA,-0.702628666024648,1.65750363948445,NA,NA,NA,1.48059762804336
-1.18381788010388,NA,0.341104633810947,NA,NA,0.909318024825731,-0.740885975145884,NA,1.31947266889325,1.42243801957864,NA,NA,NA,1.59872459959865
-1.15977645455168,NA,0.193091947249848,NA,NA,0.912235767264402,-0.742695868700731,NA,1.32008016126674,1.18737239967283,NA,NA,NA,1.36247065648806
-1.11516659279841,NA,0.143754385062814,NA,NA,-1.06444363365045,-0.740913454742977,NA,-0.702628666022826,0.952306779767022,NA,NA,NA,1.00808974182218
-1.17819906131471,NA,-0.00425830149828543,NA,NA,0.918071252141726,-0.742875758872332,NA,1.32129514601373,0.717241159861214,NA,NA,NA,1.24434368493277
-1.1211922038981,NA,0.193091947249848,NA,NA,0.920988994580397,-0.74094093434007,NA,1.32190263838721,0.482175539955407,NA,NA,NA,0.771835798711595
-1.1760735714922,NA,0.390442195997981,NA,NA,-1.06444362489723,-0.742701364620149,NA,-0.702628666021003,0.247109920049599,NA,NA,NA,1.00808974182218
-1.18606540761955,NA,0.341104633810947,NA,NA,0.926824479457721,-0.740968413937163,NA,1.3231176231342,0.0120443001437911,NA,NA,NA,1.12621671337748
-1.1477506568717,NA,0.143754385062814,NA,NA,0.929742221896391,-0.742876308464273,NA,1.32372511550769,-0.223021319762017,NA,NA,NA,0.771835798711595
-1.1685580835552,NA,-0.102933425872352,NA,NA,-1.064443616144,-0.740995893534256,NA,-0.702628666019181,-0.458086939667824,NA,NA,NA,0.889962770266889
-1.18808411446054,NA,-0.300283674620485,NA,NA,0.935577706773716,-0.742706860539568,NA,1.32494010025468,-0.693152559573632,NA,NA,NA,1.00808974182218
-1.16213076504886,NA,-0.546971485555652,NA,NA,0.938495449212386,-0.741023373131349,NA,1.32554759262817,-0.92821817947944,NA,NA,NA,0.771835798711595
-1.23396011728033,NA,-0.102933425872352,NA,NA,-1.06444360739077,-0.742876858056215,NA,-0.702628666017358,-1.16328379938525,NA,NA,NA,1.24434368493277
-1.20990852192037,NA,-0.250946112433452,NA,NA,-1.06444360805064,1.11949525480531,NA,1.32773123137313,-0.969416477462206,NA,NA,NA,1.00808974182218
-1.21178993635656,NA,-0.201608550246419,NA,NA,-1.06444541279567,1.12355754052667,NA,1.3293073777446,-0.775549155539164,NA,NA,NA,1.00808974182218
-1.18269411634605,NA,-0.00425830149828543,NA,NA,-1.06444360937037,-0.741024926072731,NA,-0.70262864771102,-0.581681833616123,NA,NA,NA,0.889962770266889
-1.15866794550549,NA,-0.152270988059386,NA,NA,-1.06444361003024,1.13168211196939,NA,1.33245967048753,-0.387814511693081,NA,NA,NA,0.771835798711595
-1.13448922754849,NA,0.0450792606887477,NA,NA,-1.06444361069011,1.13574439769074,NA,1.33403581685901,-0.19394718977004,NA,NA,NA,0.771835798711595
-1.14350984703444,NA,0.291767071623914,NA,NA,-1.06444361134997,-0.742707171127844,NA,-0.702628666007902,-7.98678469980953e-05,NA,NA,NA,0.889962770266889
-1.14560482743366,NA,0.143754385062814,NA,NA,-1.06444361200984,1.14386896913346,NA,1.33718810960194,0.193787454076043,NA,NA,NA,0.889962770266889
-1.15074566525796,NA,0.0450792606887477,NA,NA,-1.06444361266971,1.14793125485481,NA,1.33876425597342,0.387654775999085,NA,NA,NA,0.889962770266889
-1.16843604586204,NA,-0.102933425872352,NA,NA,-1.06444361332958,-0.741000552358403,NA,-0.702628647616451,0.581522097922127,NA,NA,NA,1.12621671337748
-1.1718480163666,NA,-0.300283674620485,NA,NA,-1.06444361398944,1.15605582629753,NA,1.34191654871635,0.775389419845168,NA,NA,NA,1.12621671337748
-1.18395517250868,NA,-0.546971485555652,NA,NA,-1.06444361464931,1.16011811201889,NA,1.34349269508783,0.96925674176821,NA,NA,NA,1.36247065648806
-1.19729287539012,NA,-0.152270988059386,NA,NA,-1.06444541345554,-0.742876370581929,-0.778150605492953,-0.702628665998445,1.16312406369125,NA,NA,NA,1.48059762804336
-1.17943977786182,NA,-0.349621236807519,NA,NA,0.933720963999286,-0.740984748341674,-0.778150604165528,1.34774051142504,1.15735471042794,NA,NA,NA,1.48059762804336
-1.16522238660887,NA,-0.398958798994552,NA,NA,0.933947140290188,-0.742704010324499,-0.778150605491603,1.35041218139077,1.15158535716462,NA,NA,NA,1.24434368493277
-1.15462544691962,NA,-0.349621236807519,-1.70636235795105,NA,-1.06424575135659,-0.740977514022545,-0.778150604152031,-0.70262846247489,1.14581600390131,NA,NA,NA,1.12621671337748
-1.13642657592738,NA,-0.398958798994552,-1.70636235795105,NA,0.934399492872009,-0.742876225895546,-0.778150605490253,1.35575552132225,1.14004665063799,NA,NA,NA,1.00808974182218
-1.13792662257245,NA,-0.398958798994552,-1.70636235795105,NA,0.934625669162912,-0.740970279703416,-0.778150604138533,1.35842719128799,1.13427729737468,NA,NA,NA,1.00808974182218
-1.0911556766695,NA,-0.152270988059386,-1.71559358554822,NA,-1.06442562027499,-0.742702563460673,-0.778150605488903,-0.702628647408867,1.12850794411136,NA,NA,NA,0.771835798711595
-1.11230887681695,NA,-0.398958798994552,-1.71559358554822,NA,0.935078021744733,-0.740963045384286,-0.778150604125036,1.36377053121947,1.12273859084805,NA,NA,NA,0.889962770266889
-1.11333094249715,NA,-0.398958798994552,-1.71559358554822,NA,0.935304198035635,-0.742876081209163,-0.778150605487554,1.36644220118521,1.11696923758473,NA,NA,NA,0.889962770266889
-1.10253060665263,NA,-0.546971485555652,-1.70636235795105,NA,-1.06424561565082,-0.740955811065157,-0.778150604111538,-0.702628460871888,1.11119988432142,NA,NA,NA,1.00808974182218
-1.12383126901265,NA,-0.645646609929719,-1.70636235795105,NA,0.935756550617456,-0.742701116596847,-0.778150605486204,1.37178554111669,1.1054305310581,NA,NA,NA,1.12621671337748
-1.14666757234492,NA,-0.892334420864885,-1.70636235795105,NA,0.935982726908358,-0.740948576746027,-0.778150604098041,1.37445721108242,1.09966117779479,NA,NA,NA,1.48059762804336
-1.13768763209001,NA,-0.448296361181585,-1.69713113035389,NA,-1.06444361259506,-0.742875936522781,-0.778150605484854,-0.702628665966385,1.09389182453147,NA,NA,NA,1.36247065648806
-1.17146664857548,NA,-0.596309047742685,-1.68789990275672,NA,0.955069074807197,-0.740937880438492,0.777008626925446,1.38033303289616,1.06993906132791,NA,NA,NA,1.59872459959865
-1.16981405481396,NA,-0.645646609929719,-1.67866867515956,NA,0.973929246415134,-0.74269897733534,0.783765602947567,1.38353718474416,1.04598629812436,NA,NA,NA,1.59872459959865
-1.05347145400296,NA,-0.744321734303785,-1.66943744756239,NA,-1.06423988974645,-0.740923722142552,-0.778150605482827,-0.702628665956772,1.0220335349208,NA,NA,NA,0.889962770266889
-1.05162054899006,NA,-0.793659296490819,-1.66020621996523,NA,1.01164958963099,-0.742875653356862,0.797279554991818,1.38994548844013,0.998080771717245,NA,NA,NA,0.889962770266889
-1.04481694759648,NA,-0.596309047742685,-1.66020621996523,NA,1.03050976123893,-0.740909563846611,0.804036531013939,1.39314964028813,0.974128008513689,NA,NA,NA,0.889962770266889
-1.00124440623506,NA,-0.448296361181585,-1.65097499236806,NA,-1.06442447509412,-0.742696145676152,-0.7781506054808,-0.70262866594716,0.950175245310132,NA,NA,NA,0.771835798711595
-1.03055887711248,NA,-0.546971485555652,-1.63251253717373,NA,1.06823010445479,-0.740895405550671,0.81755048305819,1.39955794398411,0.926222482106576,NA,NA,NA,1.00808974182218
-1.03313183847657,NA,-0.596309047742685,-1.6140500819794,NA,1.08709027606272,-0.742875370190943,0.824307459080311,1.40276209583211,0.90226971890302,NA,NA,NA,1.00808974182218
-1.00658355531074,NA,-0.842996858677852,-1.60481885438224,NA,-1.06422857364349,-0.74088124725473,-0.778150605478773,-0.702628665937547,0.878316955699463,NA,NA,NA,1.00808974182218
-1.00274445288013,NA,-1.04034710742599,-1.59558762678507,NA,1.12481061927858,-0.742693314016964,0.837821411124562,1.40917039952809,0.854364192495906,NA,NA,NA,1.00808974182218
-1.03134195231024,NA,-1.18835979398708,-1.58635639918791,NA,1.14367079088652,-0.74086708895879,0.844578387146683,1.41237455137609,0.830411429292351,NA,NA,NA,1.24434368493277
-1.05517998170718,NA,-0.842996858677852,-1.56789394399358,-0.694764560910963,-1.064443386273,-0.742875087025024,-0.778150605476746,-0.702628665927935,0.806458666088794,NA,NA,NA,1.36247065648806
-1.02932324546925,NA,-0.892334420864885,-1.54943148879925,-0.685610332505764,1.18139197763476,-0.74085396684077,0.858051138117625,1.4182420386908,0.738613345348962,NA,NA,NA,1.36247065648806
-1.0047987540483,NA,-0.842996858677852,-1.53096903360492,-0.687136037239964,1.20025299277508,-0.74269068959336,0.864766913066447,1.4209053741575,0.670768024609132,NA,NA,NA,1.24434368493277
-0.903044742473613,NA,-1.04034710742599,-1.52173780600775,-0.667301875695366,-1.06442277765337,-0.74084188090067,-0.778150603990061,-0.702628665919945,0.6029227038693,NA,NA,NA,0.771835798711595
-0.924228452044356,NA,-0.991009545238952,-1.50327535081342,-0.63526207627717,1.23797502305571,-0.742874845306222,0.87819846296408,1.42623204509093,0.535077383129469,NA,NA,NA,1.00808974182218
-0.861348530644499,NA,-0.793659296490819,-1.49404412321626,-0.612376505264172,1.25683603819603,-0.74082979496057,0.884914237912902,1.42889538055764,0.467232062389638,NA,NA,NA,0.653708827156302
-0.862390935940227,NA,-0.645646609929719,-1.49404412321626,-0.607799391061573,-1.06444327310691,-0.74268827240534,-0.778150605472716,-0.702628667832723,0.399386741649807,NA,NA,NA,0.771835798711595
-0.883157683392678,NA,-0.645646609929719,-1.48481289561909,-0.592542343719574,1.29455806847666,-0.740817709020471,0.898345787810535,1.43422205149107,0.331541420909975,NA,NA,NA,0.889962770266889
-0.914984096787608,NA,-0.694984172116752,-1.47558166802193,-0.659673352024367,1.31341908361698,-0.742874603587421,0.905061562759357,1.43688538695778,0.263696100170144,NA,NA,NA,1.12621671337748
-0.89476651895437,NA,-0.793659296490819,-1.46635044042476,-0.748164226607957,-1.06442164599246,-0.740805623080371,-0.778150603949766,-0.702628665903965,0.195850779430313,NA,NA,NA,1.12621671337748
-0.932333788831625,NA,-0.991009545238952,-1.44788798523043,-0.699341675113562,1.35114111389761,-0.74268585521732,0.91849311265699,1.44221205789121,0.128005458690481,NA,NA,NA,1.36247065648806
-0.932333788831625,NA,-1.18835979398708,-1.43865675763327,-0.696290265645163,1.37000212903794,-0.740793537140271,0.925208887605812,1.44487539335792,0.0601601379506507,NA,NA,NA,1.36247065648806
-0.961068580666543,NA,-0.941671983051918,-1.4294255300361,-0.684084627771564,-1.0644453679187,-0.742874361868619,-0.778150605468687,-0.702628665895975,-0.00768518278918092,NA,NA,NA,1.59872459959865
-0.976699575198579,NA,-1.04034710742599,-1.42019430243894,-0.673404694632165,1.3674150615067,-0.740785344638883,0.944252023687673,1.45044006054133,-0.0588761143058465,NA,NA,NA,1.59872459959865
-0.837968142596906,NA,-1.08968466961302,-1.41096307484177,-0.655096237821767,1.34596697883515,-0.742684216717042,0.956579384820722,1.45334139225803,-0.110067045822512,NA,NA,NA,0.889962770266889
-0.746795815999831,NA,-1.18835979398708,-1.39250061964744,-0.600170867390573,-1.06420671679864,-0.740781045576207,-0.778150605464989,-0.702628452159003,-0.161257977339178,NA,NA,NA,0.535581855601008
-0.688741468383612,NA,-1.33637248054818,-1.37403816445311,-0.562028249035578,1.30307081349205,-0.742874275887365,0.98123410708681,1.45914405569141,-0.212448908855843,NA,NA,NA,0.29932791249042
-0.629131140179623,NA,-1.08968466961302,-1.34634448166162,-0.554399725364579,1.2816227308205,-0.740776746513531,0.993561468219859,1.46204538740811,-0.263639840372509,NA,NA,NA,0.0630739693798329
-0.63061593211305,NA,-0.941671983051918,-1.30941957127296,-0.537616973288381,-1.06442236704696,-0.742683356904507,-0.77815060546129,-0.702628646370388,-0.314830771889174,NA,NA,NA,-0.0550530021754609
-0.629095545852452,NA,-1.13902223180005,-1.2724946608843,-0.735958588734358,1.2387265654774,-0.740772447450855,1.01821619048595,1.46784805084149,-0.36602170340584,NA,NA,NA,-0.0550530021754609
-0.77308985397158,NA,-1.18835979398708,-1.2448009780928,-0.562028249035578,1.21727848280585,-0.742874189906112,1.030543551619,1.47074938255819,-0.417212634922505,NA,NA,NA,0.417454884045714
-0.632156657989175,NA,-1.33637248054818,-1.21710729530131,-0.569656772706577,-1.06421958564824,-0.740768148388179,-0.778150605457592,-0.702628450418204,-0.468403566439171,NA,NA,NA,-0.0550530021754609
-0.683193838248787,NA,-1.43504760492225,-1.18018238491265,-0.548296906427779,1.17438231746275,-0.742682497091972,1.05519827388508,1.47655204599157,-0.519594497955837,NA,NA,NA,0.181200940935127
-0.73423610341228,NA,-1.63239785367038,-1.15248870212115,-0.528462744883182,1.1529342347912,-0.740763849325503,1.06752563501813,1.47945337770827,-0.570785429472502,NA,NA,NA,0.29932791249042
-0.576649847217637,NA,-1.04034710742599,-1.10633256413533,-0.516257107009583,-1.06444341731781,-0.742874103924858,-0.778150605453894,-0.702628665861159,-0.621976360989168,NA,NA,NA,-0.291306945286049
-0.556554307077557,NA,-1.04034710742599,-1.0601764261495,-0.522359925946382,1.10226857041723,1.37985392928271,-0.778150603777562,-0.702628449313049,-0.591503944393471,NA,NA,NA,-0.409433916841342
-0.453396862031552,NA,-1.04034710742599,-1.01402028816368,-0.502525764401784,1.07305098871482,1.36886175375089,-0.778150605453068,-0.702628646149357,-0.561031527797774,NA,NA,NA,-0.763814831507223
-0.336291525638321,NA,-1.23769735617412,-0.967864150177852,-0.514731402275383,-1.06444350497056,-0.742874433690124,-0.778150603769306,-0.702628448843539,-0.530559111202078,NA,NA,NA,-1.00006877461781
-0.344839249063289,NA,-1.18835979398708,-0.921708012192027,-0.502525764401784,1.01461582530998,1.34687740268727,-0.778150605452243,-0.702628665851769,-0.500086694606381,NA,NA,NA,-1.00006877461781
-0.233454429536857,NA,-0.991009545238952,-0.875551874206203,-0.517782811743783,0.985398243607572,1.33588522715545,-0.778150603761049,-0.702628448374029,-0.469614278010684,NA,NA,NA,-1.2363227177284
-0.329330292224412,NA,-0.892334420864885,-0.829395736220378,-0.476588783920387,-1.0644435926233,-0.74287476345539,-0.778150605451417,-0.702628646055455,-0.439141861414988,NA,NA,NA,-1.00006877461781
-0.397025617600143,NA,-0.991009545238952,-0.783239598234553,-0.426240527691793,0.926963080202734,1.31390087609184,-0.778150603752792,-0.702628447904519,-0.408669444819291,NA,NA,NA,-0.763814831507223
-0.386194772332336,NA,-1.18835979398708,-0.746314687845893,-0.439971870299592,0.897745498500323,1.30290870056002,-0.778150605450591,-0.702628665842378,-0.378197028223594,NA,NA,NA,-0.763814831507223
-0.223004952060171,NA,-1.28703491836115,-0.709389777457233,-0.45675462237579,-1.06444368027605,-0.742875093220656,-0.778150603744536,-0.702628447435009,-0.347724611627898,NA,NA,NA,-1.00006877461781
-0.156794418617867,NA,-1.28703491836115,-0.663233639471408,-0.462857441312589,0.839310335095485,1.2809243494964,-0.778150605449766,-0.702628645961553,-0.317252195032201,NA,NA,NA,-1.1181957461731
-0.133464879609089,NA,-1.48438516710928,-0.626308729082748,-0.514731402275383,0.810092753393074,1.26993217396458,-0.778150603736279,-0.702628446965499,-0.286779778436504,NA,NA,NA,-1.00006877461781
-0.233378155978633,-0.230081248249395,-1.08968466961302,-0.589383818694088,-0.465908850780989,-1.06444376792879,-0.742875422985922,-0.77815060544894,-0.702628665832988,-0.256307361840808,NA,NA,NA,-0.64568785995193
-0.184263069386266,-0.68759520457153,-1.13902223180005,-0.561690135902594,-0.45522891764159,0.790033750699216,1.26297903734736,-0.778150603734054,-0.702628446835481,-0.249020356044188,NA,NA,NA,-0.763814831507223
-0.0796157475029528,-0.217009420925905,-0.991009545238952,-0.533996453111099,-0.45065180343899,0.799192329707786,1.26701807626194,-0.778150605449321,-0.70262864593555,-0.241733350247566,NA,NA,NA,-0.881941803062517
-0.0550505768509467,-0.417444106552746,-0.991009545238952,-0.506302770319604,-0.72070154139236,-1.06442688528436,-0.740881488783803,-0.778150603737861,-0.702628447044954,-0.234446344450946,NA,NA,NA,-0.881941803062517
-0.21740647288653,0.480154702993539,-0.991009545238952,-0.497071542722439,-0.371315157260599,0.817509487724909,1.27509615409111,-0.778150605449701,-0.702628665837178,-0.227159338654326,NA,NA,NA,-0.527560888396636
-0.161752199902426,-0.28672583331785,-0.546971485555652,-0.506302770319604,-0.3621609288554,0.826668066733478,1.27913519300569,-0.778150603741668,-0.702628447254428,-0.219872332857704,NA,NA,NA,-0.64568785995193
-0.164381095209213,-1.02746271498226,-0.398958798994552,-0.515533997916769,-0.389623614070997,-1.06444542322235,-0.742692834372993,-0.778150605450082,-0.702628645977444,-0.212585327061084,NA,NA,NA,-0.64568785995193
-0.144224536222553,0.488869254542532,-0.201608550246419,-0.515533997916769,-0.348429586247602,0.844985224750601,1.28721327083486,-0.778150603745475,-0.702628447463902,-0.205298321264464,NA,NA,NA,-0.527560888396636
-0.264360475329218,-0.657094274150055,-0.250946112433452,-0.524765225513934,-0.401829251944596,0.854143803759171,1.29125230974943,-0.778150605450463,-0.702628665841367,-0.198011315467843,NA,NA,NA,-0.173179973730755
-0.246344660876712,-0.80088437470844,-0.00425830149828543,-0.515533997916769,-0.383520795134198,-1.06442633576962,-0.740857254550315,-0.778150603749282,-0.702628447673376,-0.190724309671222,NA,NA,NA,-0.173179973730755
-0.240578379874978,-0.478445967395697,0.0450792606887477,-0.515533997916769,-0.354532405184401,0.872460961776294,1.2993303875786,-0.778150605450843,-0.702628646019339,-0.183437303874602,NA,NA,NA,-0.0550530021754609
-0.21479791719527,-0.321584039513822,-0.102933425872352,-0.524765225513934,-0.328595424703004,0.881619540784864,1.30336942649318,-0.778150603753089,-0.702628447882849,-0.176150298077981,NA,NA,NA,-0.173179973730755
-0.237074881100556,-0.639665171052069,0.390442195997981,-0.533996453111099,-0.343852472045002,-1.06444365802584,-0.742874938301252,-0.778150605451224,-0.702628665845557,-0.16886329228136,NA,NA,NA,-0.173179973730755
-0.162809859909799,-0.334655866837312,0.291767071623914,-0.524765225513934,-0.349955290981802,-1.06425041195064,-0.742874861977238,1.10785324556968,1.49675024135475,-0.175019163792858,NA,NA,NA,-0.64568785995193
-0.17162199833661,1.0291714505801,0.390442195997981,-0.515533997916769,-0.337749653108203,-1.06442612522712,-0.742874785653225,1.10915519948615,1.49554359110678,-0.181175035304356,NA,NA,NA,-0.64568785995193
0.0943235595749136,0.00956891934791393,0.291767071623914,-0.497071542722439,-0.203487636498618,-1.06425105409937,-0.742874709329211,-0.778150605450834,-0.702628448349581,-0.187330906815854,NA,NA,NA,-1.1181957461731
0.0537663662152778,-0.413086830778249,0.143754385062814,-0.469377859930944,-0.0860083719652311,-1.06444367086882,-0.742874633005197,1.11175910731906,1.49313029061087,-0.193486778327352,NA,NA,NA,-1.00006877461781
0.173002277334899,-0.40001500345476,0.489117320372048,-0.432452949542284,-0.0387115252050364,-1.0642516962481,-0.742874556681183,1.11306106123552,1.49192364036291,-0.199642649838849,NA,NA,NA,-1.1181957461731
0.141358920479707,-0.569948758660124,0.538454882559081,-0.404759266750789,0.0513050541127536,-1.06442625365687,-0.74287448035717,-0.778150605450443,-0.702628646112686,-0.205798521350347,NA,NA,NA,-1.00006877461781
0.120810823894164,-0.365156797258787,0.489117320372048,-0.377065583959294,0.158104385506742,-1.06425233839683,-0.742874404033156,1.11566496906843,1.489510339867,-0.211954392861845,NA,NA,NA,-0.881941803062517
0.115085222123483,-0.395657727680263,0.341104633810947,-0.358603128764964,0.182515661253939,-1.06444368371179,-0.742874327709142,1.11696692298489,1.48830368961904,-0.218110264373343,NA,NA,NA,-0.763814831507223
0.0772484523405033,0.562942942708973,0.390442195997981,-0.330909445973469,0.362548819889519,-1.06425298054556,-0.742874251385129,-0.778150605450052,-0.702628449073571,-0.22426613588484,NA,NA,NA,-0.64568785995193
0.0701245020023827,-0.404372279229256,0.439779758185014,-0.312446990779139,0.518170702777901,-1.06442638208661,-0.742874175061115,1.11957083081781,1.48589038912313,-0.230422007396338,NA,NA,NA,-0.527560888396636
0.0807468662110436,0.963812313962653,0.291767071623914,-0.284753307987644,0.522747816980501,-1.06425362269429,-0.742874098737101,1.12087278473427,1.48468373887516,-0.236577878907836,NA,NA,NA,-0.527560888396636
0.0194534348222459,-0.0688620445930236,0.587792444746114,-0.275522080390479,0.449513989738909,-1.06444369655477,-0.742874022413087,-0.778150605449662,-0.702628665860036,-0.242733750419334,-1.78057884583685,-0.547225008616786,-1.51707496336026,-0.291306945286049
0.0095632967725353,-0.134221181210471,0.538454882559081,-0.257059625196149,0.394588619307715,0.854528235303917,1.39661675221975,1.12994526107617,-0.70262844955086,-0.266692197714775,-1.74587355779058,-0.549516305013922,-1.4795002254741,-0.64568785995193
0.175087087926355,-0.535090552464152,0.538454882559081,-0.247828397598985,0.5288506359173,0.856807274627704,1.39423622257166,1.13771578350161,-0.702628646208143,-0.290650645010216,-1.7111682697443,-0.551807601411059,-1.44192548758794,-0.881941803062517
0.175509134948528,0.0967144348378445,0.439779758185014,-0.23859717000182,0.698203861413481,-1.06442637793031,-0.742874093828977,-0.778150603716057,-0.702628449781448,-0.314609092305658,-1.67646298169802,-0.554098897808195,-1.40435074970178,-0.763814831507223
0.171898853192592,1.12067424184453,0.341104633810947,-0.229365942404655,0.821785944883668,0.861365353275262,1.38947516327546,1.1532568283525,-0.702628665864648,-0.338567539601099,-1.64175769365175,-0.556390194205331,-1.36677601181561,-0.763814831507223
0.26072703910025,-0.0340038383970513,0.735805131307214,-0.229365942404655,1.11166984438164,0.863644392599049,1.38709463362737,1.16102735077794,-0.702628450012036,-0.362525986896541,-1.60705240560547,-0.558681490602468,-1.32920127392945,-0.763814831507223
0.249992807006194,0.6544457339734,0.686467569120181,-0.210903487210325,1.4442734764372,-1.06444368288053,-0.742874165244866,-0.778150605444999,-0.702628646254261,-0.386484434191982,-1.57234711755919,-0.560972786999604,-1.29162653604329,-0.763814831507223
0.237382245379828,0.759020352561317,0.538454882559081,-0.20167225961316,1.4335935432978,0.868202471246606,1.38233357433118,1.17656839562882,-0.702628450242624,-0.410442881487423,-1.53764182951292,-0.56326408339674,-1.25405179815713,-0.763814831507223
0.235236415941793,0.131572641033817,0.341104633810947,-0.18320980441883,1.15438957693923,0.870481510570393,1.37995304468309,1.18433891805426,-0.70262866586926,-0.434401328782865,-1.50293654146664,-0.565555379793876,-1.21647706027097,-0.881941803062517
0.209232217491294,0.863594971149233,0.291767071623914,-0.155516121627335,1.17422373848383,-1.06442624118795,-0.742874236660756,-0.778150603669434,-0.702628450473212,-0.458359776078306,-1.46823125342036,-0.567846676191013,-1.1789023223848,-0.763814831507223
0.24403329965696,-0.430515933876235,0.291767071623914,-0.118591211238675,1.4152850864874,0.875039589217951,1.37519198538689,1.19987996290515,-0.702628646300378,-0.482318223373748,-1.43352596537409,-0.570137972588149,-1.14132758449864,-0.763814831507223
0.276088533726561,-0.125506629661478,-0.00425830149828543,-0.09089752844718,1.63651227294638,0.877318628541738,1.3728114557388,1.20765048533059,-0.702628450703799,-0.506276670669189,-1.39882067732781,-0.572429268985285,-1.10375284661248,-0.763814831507223
0.266467895582576,-0.495875070493683,0.341104633810947,-0.0539726180585201,1.53276435102079,-1.0644436692063,-0.742874308076645,-0.778150605440337,-0.702628665873872,-0.530235117964631,-1.36411538928153,-0.574720565382422,-1.06617810872632,-0.64568785995193
0.475676095983215,-0.783455271610454,0.193091947249848,-0.0262789352670252,1.56938126464158,0.873442654418302,-0.742683334497371,-0.778150585627715,-0.702628450886047,-0.547258973160323,-1.35140850903449,-0.323290873159305,-1.13448576398737,-0.881941803062517
0.466141901205216,0.0139261951224105,0.341104633810947,0.0198772027187997,1.55107280783119,0.867287640971079,-0.742874153235404,-0.77815060363087,-0.702628646336828,-0.564282828356017,-1.33870162878745,-0.0718611809361879,-1.20279341924842,-0.763814831507223
0.616253348693908,0.85488041960024,0.0450792606887477,0.0660333407046245,1.58921542618618,-1.0642530554255,-0.742681786084959,-0.778150585475189,-0.702628451019955,-0.58130668355171,-1.32599474854041,0.179568511286929,-1.27110107450948,-1.00006877461781
0.785621327182217,1.27317889395191,-0.152270988059386,0.121420706287614,1.63498656821218,0.85497761407665,-0.742893297045704,-0.778150605437287,-0.70262866587655,-0.598330538747403,-1.31328786829336,0.430998203510046,-1.33940872977053,-1.35444968928369
0.773341284308155,-0.138578456984968,0.0944168228757808,0.186039299467769,1.70516898598537,0.848822600629427,-0.742680237672548,-0.778150585322662,-0.702628451153862,-0.615354393943097,-1.30058098804632,0.682427895733163,-1.40771638503159,-1.47257666083899
0.803789688751171,2.4104278710955,0.0944168228757808,0.241426665050759,1.49767314213419,-1.06442654211757,-0.742873843552922,-0.778150603600365,-0.70262864636361,-0.63237824913879,-1.28787410779928,0.93385758795628,-1.47602404029264,-1.47257666083899
0.758717100744675,1.88319750238142,-0.102933425872352,0.296814030633749,1.48089039005799,0.836512573734998,-0.742678689260136,-0.778150585170136,-0.70262845128777,-0.649402104334483,-1.27516722755224,1.1852872801794,-1.5443316955537,-1.35444968928369
0.779905895219299,-0.556876931336635,-0.250946112433452,0.352201396216739,1.3908738107402,0.830357560287775,-0.742873688711681,-0.778150605434236,-0.702628665879228,-0.666425959530177,-1.2624603473052,1.43671697240251,-1.61263935081475,-1.35444968928369
0.85052504032695,-0.129863905435975,-0.250946112433452,0.398357534202564,-0.507102878604384,-1.06425674843357,-0.742677140847725,-0.778150585017609,-0.702628451421678,-0.68344981472587,-1.24975346705815,1.68814666462563,-1.6809470060758,-1.47257666083899
0.824759832358887,1.0248141748056,-0.250946112433452,0.453744899785553,2.09574939794053,0.818047533393346,-0.742873533870439,-0.77815060356986,-0.702628646390391,-0.700473669921563,-1.23704658681111,1.93957635684875,-1.74925466133686,-1.35444968928369
0.850158927247475,1.55640181929418,-0.448296361181585,0.509132265368543,1.94928174345734,0.811892519946123,-0.742675592435313,-0.778150584865083,-0.702628451555585,-0.717497525117257,-1.22433970656407,2.19100604907187,-1.81756231659791,-1.47257666083899
0.748298132691278,-1.18432464286413,-0.201608550246419,0.582982086145863,1.65176932028837,-1.06444374306646,-0.742873379029198,-0.778150605431186,-0.702628665881906,-0.73452138031295,-1.21163282631703,2.44243574129498,-1.88586997185896,-1.47257666083899
0.926066372391989,-0.796527098933944,-0.152270988059386,0.647600679326018,1.48241609479219,0.807871977715807,1.46897607590777,-0.778150584749638,1.46182591226708,-0.718588870759184,-1.18088510702914,2.4522583551895,-1.7142453326009,-1.59070363239428
1.07800330037418,-0.0688620445930236,-0.250946112433452,0.702988044909008,1.62735804454118,0.810006448932697,1.47461648103631,-0.77815060354677,1.46204446135265,-0.702656361205418,-1.15013738774124,2.46208096908401,-1.54262069334284,-1.70883060394957
1.12915743342306,0.898453177345205,-0.448296361181585,0.758375410491997,1.77382569902436,-1.06425795459624,-0.742673126107569,-0.778150584671273,-0.702628665881251,-0.686723851651653,-1.11938966845335,2.47190358297852,-1.37099605408477,-1.82695757550487
1.15997195094556,0.427867393699581,-0.596309047742685,0.813762776074987,1.87604791621575,0.814275391366494,1.48589729129335,-0.778150605429618,1.46248155952383,-0.670791342097887,-1.08864194916546,2.48172619687303,-1.19937141482671,-1.82695757550487
1.2424490919051,0.297149120464685,-0.349621236807519,0.859918914060812,1.74178589960616,0.816409862583385,1.49153769642189,-0.778150584592909,1.46270010860941,-0.654858832544121,-1.05789422987757,2.49154881076754,-1.02774677556864,-1.82695757550487
1.22775371968727,0.928954107766681,-0.250946112433452,0.896843824449472,1.70364328125117,-1.06442678335011,-0.742873040604891,-0.778150603531098,-0.702628665880595,-0.638926322990355,-1.02714651058967,2.50137142466206,-0.85612213631058,-1.82695757550487
1.21468551671156,1.14246062071701,-0.398958798994552,0.942999962435297,1.84400811679755,0.820678805017182,1.50281850667894,-0.778150584514544,1.46313720678059,-0.62299381343659,-0.99639879130178,2.51119403855657,-0.684497497052515,-1.82695757550487
1.16714166541861,0.610872976228435,-0.448296361181585,0.970693645226792,2.01030993282533,0.822813276234072,1.50845891180747,-0.778150605428051,1.46335575586617,-0.607061303882824,-0.965651072013887,2.52101665245108,-0.512872857794453,-1.82695757550487
1.1588532720916,-0.774740720061461,-0.497633923368618,0.989156100421122,1.86689368781055,-1.06425667391351,-0.742669741864492,-0.77815058443618,-0.702628665879939,-0.591128794329059,-0.934903352725995,2.53083926634559,-0.341248218536388,-1.82695757550487
1.19134580789502,0.693661215943869,-0.497633923368618,0.998387328018287,1.94165321978634,0.827082218667869,1.51973972206452,-0.778150603515425,1.46379285403735,-0.575196284775293,-0.904155633438103,2.54066188024011,-0.169623579278323,-1.82695757550487
1.15061572780341,0.584729321581456,-0.793659296490819,1.00761855561545,1.79518556530316,0.82921668988476,1.52538012719305,-0.778150584357815,1.46401140312292,-0.559263775221527,-0.87340791415021,2.55048449413462,0.00200105997973818,-1.82695757550487
1.05969764640042,0.532442012287497,-0.645646609929719,1.01684978321262,2.04692684644613,-1.0644437174528,-0.742893167424346,-0.778150605426484,-0.702628667829456,-0.543331265667761,-0.842660194862317,2.56030710802913,0.173625699237803,-1.78758191831977
1.15300563262776,0.567300218483469,-0.596309047742685,1.02608101080978,2.07896664586433,0.832786866838383,1.52210209859135,-0.778150584292553,1.46558940160529,-0.550453432799716,-0.81224861735199,2.30835238348075,0.221702321334528,-1.74820626113467
1.15142931242447,0.358150981307636,-0.645646609929719,1.04454346600411,1.95233315292574,0.8342225725751,1.51318366486114,-0.778150603502372,1.46694885100207,-0.55757559993167,-0.781837039841663,2.05639765893236,0.269778943431249,-1.70883060394957
1.26929738439994,-0.583020585983614,-0.744321734303785,1.04454346600411,1.36035971605621,-1.06442661221066,-0.742872969733595,-0.778150584240393,-0.702628665875205,-0.564697767063625,-0.751425462331336,1.80444293438398,0.317855565527973,-1.2756983749135
1.24829673136894,3.20780933782837,-0.892334420864885,1.03531223840695,1.22304628997822,0.83709398404855,1.4953467974007,-0.77815060542544,1.46966774979562,-0.57181993419558,-0.721013884821008,1.55248820983559,0.365932187624697,-0.842566145877419
1.26299210358676,0.780806731433799,-0.645646609929719,1.03531223840695,1.49767314213419,0.838529689785266,1.48642836367049,-0.778150584188232,1.47102719919241,-0.578942101327534,-0.690602307310682,1.3005334852872,0.414008809721418,-0.409433916841342
1.22093994848593,-0.548162379787642,-0.497633923368618,1.04454346600411,1.90503630616555,-1.06444370883857,-0.742873237286607,-0.77815060349194,-0.702628665871127,-0.586064268459488,-0.660190729800354,1.04857876073882,0.462085431818143,-0.409433916841342
1.20136306854177,2.63700621136932,-0.645646609929719,1.04454346600411,2.11253215001672,0.841401101258716,1.46859149621005,-0.778150584136071,1.47374609798596,-0.593186435591443,-0.629779152290027,0.796624036190432,0.510162053914867,-0.409433916841342
1.12839469784082,0.105428986386838,-0.793659296490819,1.04454346600411,2.2773082613103,0.842836806995433,1.45967306247984,-0.778150605424397,1.47510554738274,-0.600308602723397,-0.5993675747797,0.544669311642046,0.558238676011588,-0.409433916841342
1.12605564205529,0.284077293141195,-0.892334420864885,1.04454346600411,2.10490362634572,-1.06442652606832,-0.742873504839619,-0.778150584083911,-0.702628665867049,-0.607430769855352,-0.568955997269373,0.292714587093661,0.606315298108312,-0.330682602471146
1.0507482155688,-0.617878792179586,-0.793659296490819,1.03531223840695,2.78231652833045,0.845708218468882,1.4418361950194,-0.778150603481508,1.47782444617629,-0.614552936987307,-0.538544419759045,0.040759862545275,0.654391920205037,-0.25193128810095
1.12803875456911,0.22743270807274,-0.941671983051918,1.03531223840695,3.70536789252134,0.847143924205599,1.43291776128918,-0.77815058403175,1.47918389557308,-0.62167510411926,-0.508132842248718,-0.211194862003111,0.702468542301758,-0.173179973730755
1.08827480621501,-0.888029890198371,-0.596309047742685,1.03531223840695,-0.320966901032005,-1.06444561133655,-0.742873772392631,-0.778150605423354,-0.70262866586297,-0.628797271251215,-0.477721264738391,-0.463149586551496,0.750545164398482,-0.685063517137028
1.1079533842368,-0.522018725140662,-0.645646609929719,1.04454346600411,3.08745747517041,0.851918359038239,-0.740727055362961,1.3880617451213,-0.702628449461403,-0.626978361848002,-0.44461956521631,-0.46206923712523,0.798238750211756,-1.1969470605433
1.25653427565713,-0.434873209650732,-0.694984172116752,1.05377469360128,2.61906612177107,0.855257088134147,-0.742678453621738,1.39087165832075,-0.702628646160915,-0.62515945244479,-0.411517865694229,-0.460988887698963,0.84593233602503,-1.70883060394957
1.30021360000006,-1.01003361188427,-0.744321734303785,1.03531223840695,2.26967973763931,-1.06425330910653,-0.740724072946044,-0.778150603467862,-0.702628448926329,-0.623340543041577,-0.378416166172148,-0.459908538272697,0.893625921838303,-1.2756983749135
1.38421621212408,-0.0906484234655062,-0.842996858677852,1.01684978321262,2.04234973224353,0.861934546325978,-0.742873712744292,1.39649148471963,-0.702628665852269,-0.621521633638364,-0.345314466650067,-0.45882818884643,0.941319507651577,-0.842566145877419
1.30977321929747,-0.360799521484291,-0.546971485555652,0.998387328018287,1.73415737593517,0.865273275421885,-0.740721090529126,1.39930139791908,-0.702628448391254,-0.619702724235152,-0.312212767127986,-0.457747839420163,0.989013093464851,-0.409433916841342
1.31765482031395,-0.0688620445930236,-0.398958798994552,0.970693645226792,1.56022703623639,-1.0644262826734,-0.742677857138354,-0.778150605421668,-0.7026286460539,-0.617883814831939,-0.279111067605905,-0.456667489993897,1.03670667927812,-0.881941803062517
1.3524864119029,0.0705707801908653,-0.497633923368618,0.933768734838132,1.4152850864874,0.871950733613716,-0.740718108112209,1.40492122431797,-0.702628447856179,-0.616064905428726,-0.246009368083824,-0.45558714056763,1.0844002650914,-1.35444968928369
1.14593761623234,-0.909816269070853,-0.546971485555652,0.896843824449472,-0.558976839567178,0.875289462709623,-0.742893262515883,1.40773113751741,-0.702628665841567,-0.614245996025514,-0.212907668561744,-0.454506791141364,1.13209385090467,-1.82695757550487
1.12488611416252,-0.238795799798388,-0.546971485555652,0.859918914060812,1.03691031240584,-1.06425130586907,-0.740715125695291,-0.778150603451003,-0.702628447321104,-0.612427086622301,-0.179805969039662,-0.453426441715097,1.17978743671795,-1.78758191831977
1.13063205554873,-0.469731415846704,-0.546971485555652,0.804531548477822,0.818734535415268,0.881966920901454,-0.742677260654971,1.4133509639163,-0.702628645946885,-0.610608177219088,-0.146704269517581,-0.45234609228883,1.22748102253122,-1.74820626113467
0.910303170359031,0.950740486639164,-0.546971485555652,0.758375410491997,0.539530569056699,0.885305649997361,-0.740712143278373,1.41616087711575,-0.702628446786029,-0.608789267815877,-0.113602569995501,-0.451265742862564,1.27517460834449,-1.70883060394957
0.631345343414495,-1.01439088765877,-0.349621236807519,0.684525589714678,0.417474190320713,-1.06444366015959,-0.742873593447615,-0.778150605419982,-0.702628665830866,-0.606970358412664,-0.0805008704734195,-0.450185393436297,1.32286819415777,-1.51195231802408
0.605615729773602,-0.770383444286964,-0.398958798994552,0.610675768937358,0.332034725205522,-1.06425052812445,1.44313699009682,-0.778150583751913,-0.70262866582821,-0.622232145123995,-0.0703165238598835,-0.453112603515001,1.36044199418729,-1.31507403209859
0.672075423506105,-0.591735137532607,-0.250946112433452,0.536825948160038,0.203875527532736,-1.06442612712448,1.4443801511289,-0.778150603459259,-0.702628665825554,-0.637493931835326,-0.0601321772463483,-0.456039813593704,1.39801579421681,-1.1181957461731
0.51251113970152,-0.378228624582277,-0.398958798994552,0.472207354979883,0.0284194830997561,-1.06425097587267,-0.742676589464969,-0.778150583918777,-0.702628665822898,-0.652755718546657,-0.0499478306328124,-0.458967023672408,1.43558959424633,-1.00006877461781
0.466238514378966,-0.979532681462798,-0.201608550246419,0.398357534202564,0.000956797884159198,-1.06444366911455,1.44686647319309,-0.778150605423319,-0.702628665820242,-0.668017505257988,-0.0397634840192764,-0.461894233751112,1.47316339427585,-0.881941803062517
0.503968501180433,-1.04053454230575,0.143754385062814,0.333738941022409,-0.0921111909020304,-1.06425142362088,1.44810963422518,-0.778150584085641,-0.702628665817586,-0.683279291969319,-0.0295791374057412,-0.464821443829815,1.51073719430537,-0.763814831507223
0.451543142161144,-0.456659588523215,0.341104633810947,0.269120347842254,-0.163819313409422,-1.06442621667412,-0.742873518857953,-0.778150603492632,-0.70262866581493,-0.69854107868065,-0.0193947907922053,-0.467748653908519,1.54831099433489,-0.724439174322125
0.168059750761985,0.889738625796212,0.439779758185014,0.222964209856429,-0.301132739487407,-1.0642518713691,1.45059595628936,-0.778150584252506,-0.702628667822755,-0.713802865391981,-0.00921044417866932,-0.470675863987223,1.58588479436441,-0.685063517137028
-0.05165894596192,-1.00131906033528,0.390442195997981,0.186039299467769,-0.429291937160193,-1.06444367806951,1.45183911732145,-0.778150605426657,-0.702628665809618,-0.729064652103312,0.000973902434865859,-0.473603074065926,1.62345859439393,-0.64568785995193
-0.161696265959728,-0.953389026815819,0.538454882559081,0.139883161481944,-0.470485964983588,-1.06425231911731,-0.74267584356835,-0.77815058441937,-0.702628665806962,-0.744326438814643,0.0111582490484018,-0.47653028414463,1.66103239442345,-0.251931288100951
-0.238630861688325,-0.844457132453405,0.686467569120181,0.102958251093284,-0.511679992806983,-1.06442630622376,1.45432543938563,-0.778150603526005,-0.702628665804306,-0.759588225525974,0.0213425956619378,-0.479457494223333,1.69860619445297,0.141825283750029
-0.350651294199957,-1.09282185159971,0.83448025568128,0.0568021131074596,-0.533039859085781,-1.06425276686553,1.45556860041772,-0.778150584586234,-0.70262866580165,-0.774850012237305,0.031526942275473,-0.482384704302037,1.73617999448249,0.535581855601008
-0.574743008262038,-1.18432464286413,1.47586856411271,0.0198772027187997,-0.54371979222518,-1.06444368702448,-0.742873444268292,-0.778150605429994,-0.702628665798995,-0.790111798948636,0.0417112888890089,-0.485311914380741,1.77375379451201,1.08684105619238
-0.55847131584092,-0.304154936415836,1.67321881286085,-0.00781648007269524,-0.603222276858973,0.863623297481231,1.45714239793384,1.32052906586604,-0.702628645546829,-0.812671959640357,0.0553138203715916,-0.487779879370602,1.66370247228262,1.63810025678375
-0.6140493152668,-0.90110171752186,1.96924418598305,-0.0447413904613551,-0.63068496207457,0.865467108815693,1.45747303441788,1.32220594954958,-0.702628665793427,-0.835232120332079,0.0689163518541736,-0.490247844360463,1.55365115005322,2.18935945737512
-0.508995201072959,-0.970818129913805,1.82123149942195,-0.100128756044345,-0.641364895213969,-1.06425243759624,-0.742873434349197,-0.77815058461936,-0.702628645491154,-0.857792281023801,0.0825188833367563,-0.492715809350324,1.44359982782382,1.91372985707943
-0.317040079542586,-1.18868191863863,2.01858174817008,-0.155516121627335,-0.653570533087568,0.869154731484602,1.45813430738594,1.32555971691666,-0.70262866578786,-0.880352441715522,0.096121414819339,-0.495183774340185,1.33354850559443,1.63810025678375
-0.162408152503152,-0.996961784560784,2.36394468347931,-0.20167225961316,-0.671878989897965,0.870998542819064,1.45846494386998,1.32723660060019,-0.70262864543548,-0.902912602407244,0.109723946301921,-0.497651739330046,1.22349718336503,1.36247065648806
-0.202070402779627,-1.19303919441313,2.51195737004041,-0.229365942404655,-0.681033218303164,-1.0644262403699,-0.742873424430103,-0.77815060353263,-0.702628665782292,-0.925472763098966,0.123326477784504,-0.500119704319907,1.11344586113564,1.12621671337748
-0.228511902963943,-0.709381583444013,2.51195737004041,-0.23859717000182,-0.684084627771564,0.874686165487973,1.45912621683804,1.33059036796728,-0.702628645379805,-0.948032923790687,0.136929009267086,-0.502587669309769,1.00339453890624,0.889962770266889
-0.0242004650012839,-1.03181999075676,2.41328224566635,-0.247828397598985,-0.710021608252961,0.876529976822435,1.45945685332208,1.33226725165081,-0.702628665776725,-0.970593084482409,0.150531540749668,-0.50505563429963,0.893343216676845,0.653708827156302
-0.0509470594184961,-0.513304173591669,2.46261980785338,-0.247828397598985,-0.694764560910963,-1.06425133130944,-0.742873414511008,-0.778150584518747,-0.702628645324131,-0.993153245174131,0.164134072232251,-0.507523599289491,0.783291894447449,0.6930844843414
-0.0265395207868196,-0.988247233011791,2.31460712129228,-0.257059625196149,-0.699341675113562,0.880217599491344,1.46011812629014,1.33562101901789,-0.702628667818644,-1.01571340586585,0.177736603714834,-0.509991564279352,0.673240572218053,0.732460141526497
-0.145475422577427,-0.80088437470844,2.21593199691821,-0.247828397598985,-0.691713151442563,0.882061410825806,1.46044876277418,1.33729790270143,-0.702628645268456,-1.03827356655757,0.191339135197416,-0.512459529269213,0.563189249988658,0.771835798711595
-0.273920094626624,-1.04053454230575,2.61063249441448,-0.210903487210325,-0.685610332505764,-1.06444366489874,-0.742873404591914,-0.778150605427982,-0.70262866576559,-1.0608337272493,0.204941666679998,-0.514927494259074,0.453137927759262,0.811211455896694
-0.137136180211604,0.122858089484824,2.51195737004041,-0.192441032015995,-0.696290265645163,0.888567234346153,1.46101856032324,1.34475529696975,-0.70262864521756,-1.06493195749841,0.213028564935777,-0.516824577904692,0.413391192045444,0.850587113081791
-0.0227766919144361,-0.861886235551392,2.56129493222745,-0.20167225961316,-0.696290265645163,0.893229246532054,1.46125772138827,1.35053580755453,-0.702628665760978,-1.06903018774752,0.221115463191556,-0.518721661550311,0.373644456331623,0.889962770266889
-0.149339949527442,-0.382585900356774,2.41328224566635,-0.20167225961316,-0.687136037239964,-1.06444365091271,-0.740691049016526,-0.778150584295025,-0.702628645171443,-1.07312841799664,0.229202361447334,-0.520618745195929,0.333897720617806,0.732460141526497
0.178839746990975,-0.761668892737971,2.31460712129228,-0.192441032015995,-0.684084627771564,0.902553270903839,1.46173604351833,1.36209682872409,-0.702628665756366,-1.07722664824575,0.237289259703112,-0.522515828841547,0.294150984903988,0.574957512786106
0.189772290336414,-0.705024307669517,2.51195737004041,-0.173978576821665,-0.668827580429566,0.90721528308974,1.46197520458336,1.36787733930887,-0.702628645125325,-1.08132487849486,0.245376157958891,-0.524412912487166,0.254404249190167,0.417454884045714
0.106684960911081,-0.983889957237294,2.65997005660151,-0.18320980441883,-0.671878989897965,-1.06444363692667,-0.742674930359621,-0.778150603487886,-0.702628665751755,-1.08542310874398,0.253463056214669,-0.526309996132784,0.214657513476349,0.456830541230812
0.0166821622067743,-1.09282185159971,2.61063249441448,-0.20167225961316,-0.679507513568965,0.916539307461525,1.46245352671342,1.37943836047844,-0.702628645079208,-1.08952133899309,0.261549954470448,-0.528207079778402,0.174910777762532,0.496206198415909
-0.0632016777731503,-0.670166101473544,2.41328224566635,-0.229365942404655,-0.679507513568965,0.921201319647425,1.46269268777845,1.38521887106321,-0.702628665747143,-1.0936195692422,0.269636852726227,-0.530104163424021,0.135164042048711,0.535581855601008
0.0379879094706753,-0.661451549924551,2.36394468347931,-0.247828397598985,-0.668827580429566,-1.06444362294063,-0.740689614050136,-0.778150583948194,-0.70262864503309,-1.09771779949132,0.277723750982005,-0.532001247069639,0.0954173063348932,0.614333169971203
-0.0141323553157173,-0.80088437470844,2.46261980785338,-0.247828397598985,-0.661199056758567,0.93052534401921,1.46317100990851,1.39677989223278,-0.702628665742531,-1.10181602974043,0.285810649237783,-0.533898330715257,0.0556705706210756,0.6930844843414
-0.127068070526037,-1.24096922793259,2.21593199691821,-0.275522080390479,-0.661199056758567,0.935187356205111,1.46341017097354,1.40256040281755,-0.702628644986973,-1.10591425998954,0.293897547493562,-0.535795414360876,0.0159238349072545,0.771835798711595
-0.373482512628338,-1.06232092117823,2.41328224566635,-0.312446990779139,-0.639839190479769,-1.0644436089546,-0.742893234795546,-0.778150605421045,-0.702628665737919,-1.11001249023866,0.30198444574934,-0.537692498006494,-0.0238229008065631,0.850587113081791
-0.226477941411303,-1.06667819695273,2.26526955910525,-0.340140673570634,-0.624582143137771,0.930977149224084,-0.742674939509222,1.41456639557882,-0.702628436928539,-1.05726980163738,0.332839093709006,-0.536747430939844,-0.142530991535886,0.929338427451987
-0.0853210096581072,-0.443587761199725,2.21593199691821,-0.358603128764964,-0.661199056758567,0.922104930057156,-0.742873406421834,1.4207918777553,-0.70262864490485,-1.00452711303609,0.363693741668672,-0.535802363873195,-0.261239082265209,1.00808974182218
-0.235122278010022,-0.949031751041322,2.01858174817008,-0.386296811556459,-0.684084627771564,-1.06442583646634,-0.742675244801704,-0.778150583588015,-0.702628436337901,-0.951784424434814,0.394548389628338,-0.534857296806545,-0.379947172994532,1.00808974182218
-0.108660718474648,-0.539447828238649,1.91990662379601,-0.413990494347954,-0.745112817139557,0.904360491723316,-0.742873436951082,1.43324284210826,-0.702628665726106,-0.899041735833532,0.425403037588003,-0.533912229739895,-0.498655263723854,1.00808974182218
-0.111355717531895,0.236147259621733,2.26526955910525,-0.423221721945119,-0.656621942555967,0.895488272556388,-0.742675550094186,1.43946832428474,-0.702628435747263,-0.846299047232251,0.456257685547669,-0.532967162673246,-0.617363354453177,1.00808974182218
-0.086693933706139,-0.888029890198371,2.26526955910525,-0.441684177139449,-0.626107847871971,-1.06444366218791,-0.74287346748033,-0.77815060341585,-0.702628644786722,-0.79355635863097,0.487112333507335,-0.532022095606596,-0.7360714451825,1.04746539900728
-0.151424760118898,0.314578223562671,2.16659443473118,-0.441684177139449,-0.600170867390573,0.877743834222548,-0.742675855386668,1.45191928863771,-0.702628435156625,-0.740813670029688,0.517966981467,-0.531077028539947,-0.854779535911823,1.08684105619238
-0.237766428028454,-1.18432464286413,1.96924418598305,-0.450915404736614,-0.603222276858973,0.86887161505562,-0.742873498009578,1.45814477081418,-0.702628665714294,-0.688070981428407,0.548821629426667,-0.530131961473297,-0.973487626641146,1.12621671337748
-0.231308600098822,-1.1015364031487,1.91990662379601,-0.469377859930944,-0.645942009416568,-1.06442636879949,-0.74267616067915,-0.778150583214486,-0.702628434565987,-0.635328292827126,0.579676277386332,-0.529186894406647,-1.09219571737047,1.24434368493277
-0.204460307603978,0.201289053425761,1.72255637504788,-0.469377859930944,-0.648993418884968,0.85112717672178,-0.742873528538827,1.47059573516715,-0.702628644668595,-0.582585604225844,0.610530925345998,-0.528241827339998,-1.21090380809979,1.36247065648806
-0.273411604238464,-0.705024307669517,1.57454368848678,-0.469377859930944,-0.681033218303164,0.842254957554852,-0.742676465971632,1.47682121734363,-0.702628433975349,-0.529842915624563,0.641385573305664,-0.527296760273348,-1.32961189882911,1.48059762804336
-0.491198037487361,-0.879315338649378,1.72255637504788,-0.469377859930944,-0.658147647290167,-1.06444371542123,-0.742873559068075,-0.778150605413575,-0.702628668022706,-0.477100227023281,0.672240221265329,-0.526351693206698,-1.44831998955844,1.71685157115395
-0.389144016583664,-1.01003361188427,1.67321881286085,-0.478609087528109,-0.645942009416568,0.837453853754821,1.44451772262745,1.4906894986183,-0.702628433357484,-0.494999432369271,0.71770498029147,-0.523124499546707,-1.31142560806936,1.95310551426453
-0.330413376751192,-0.212652145151409,1.62388125067381,-0.478609087528109,-0.636787781011369,0.841524969121701,1.44370366212437,1.4983322977165,-0.702628644545022,-0.51289863771526,0.763169739317612,-0.519897305886716,-1.17453122658028,2.18935945737512
-0.12513580705103,-0.40001500345476,1.32785587755161,-0.460146632333779,-0.668827580429566,-1.0642546090798,-0.740709656297358,-0.778150582798437,-0.702628432712394,-0.530797843061249,0.808634498343753,-0.516670112226725,-1.0376368450912,1.91372985707943
-0.0348787631526424,-0.691952480346027,1.32785587755161,-0.432452949542284,-0.746638521873757,0.849667199855479,1.44207554111822,1.51361789591289,-0.702628665689579,-0.548697048407239,0.854099257369894,-0.513442918566734,-0.900742463602122,1.63810025678375
0.114719109044008,-0.644022446826565,1.57454368848678,-0.413990494347954,-0.676456104100565,0.853738315222359,1.44126148061514,1.52126069501109,-0.702628432067304,-0.566596253753228,0.899564016396035,-0.510215724906743,-0.76384808211304,1.36247065648806
0.185094178765342,1.05967238100158,1.62388125067381,-0.395528039153624,-0.745112817139557,-1.06442639069914,-0.742677107054174,-0.77815060333264,-0.702628644416004,-0.584495459099217,0.945028775422176,-0.506988531246752,-0.626953700623962,1.20496802774767
0.150313436215203,0.231789983847237,1.47586856411271,-0.367834356362129,-0.648993418884968,0.861880545956137,1.43963335960899,1.53654629320748,-0.702628431422214,-0.602394664445207,0.990493534448317,-0.503761337586761,-0.490059319134884,1.04746539900728
0.0862944963458684,0.388651911729112,1.13050562880348,-0.321678218376304,-0.659673352024367,0.865951661323017,1.43881929910591,1.54418909230567,-0.702628665676677,-0.620293869791196,1.03595829347446,-0.500534143926769,-0.353164937645803,0.889962770266889
0.119346371576264,-0.504589622042676,1.13050562880348,-0.275522080390479,-0.667301875695366,-1.06425216641058,-0.740714540660376,-0.778150582339869,-0.702628430777124,-0.638193075137185,1.0814230525006,-0.497306950266778,-0.216270556156725,0.968714084637085
0.15580513240733,-0.705024307669517,0.982492942242381,-0.22013471480749,-0.682558923037364,0.874093892056795,1.43719117809976,1.55947469050206,-0.702628644286986,-0.656092280483175,1.12688781152674,-0.494079756606787,-0.079376174667647,1.04746539900728
0.131245046659206,-0.696309756120523,0.933155380055347,-0.18320980441883,-0.690187446708363,0.878165007423675,1.43637711759667,1.56711748960026,-0.702628430132033,-0.673991485829164,1.17235257055288,-0.490852562946796,0.0575182068214344,1.12621671337748
0.150669379486915,0.680589388620379,1.17984319099051,-0.14628489403017,-0.749689931342157,-1.0644454185814,-0.742873656755335,-0.778150605404403,-0.702628665663776,-0.691890691175153,1.21781732957902,-0.487625369286805,0.194412588310512,0.968714084637085
0.0731245952925263,-0.896744441747364,0.933155380055347,-0.10935998364151,-0.696290265645163,-1.06425414693884,-0.742873712638945,-0.778150603285276,-0.702628429462495,-0.705657561720719,1.23400515576207,-0.483831868083011,0.186624040596719,0.811211455896693
0.437712203603194,-0.931602647943336,0.785142693494247,-0.0447413904613551,-0.690187446708363,-1.06442678680479,-0.742873768522555,-0.778150605404102,-0.702628644153078,-0.719424432266285,1.25019298194513,-0.480038366879217,0.178835492882925,0.653708827156302
0.69053362459631,-0.055790217269534,0.538454882559081,0.0568021131074596,-0.671878989897965,-1.06426055066458,-0.742873824406165,-0.77815060328226,-0.702628428768509,-0.73319130281185,1.26638080812818,-0.476244865675423,0.171046945169132,0.378079226860616
0.793045286849352,-0.68759520457153,0.538454882559081,0.149114389079109,-0.671878989897965,-1.06444379464236,-0.742873880289775,-0.7781506054038,-0.702628665649896,-0.746958173357416,1.28256863431123,-0.472451364471629,0.163258397455338,0.10244962656493
0.851216587254848,0.301506396239181,0.83448025568128,0.232195437453594,-0.688661741974164,-1.06426695439032,-0.742873936173385,-0.778150603279244,-0.702628428074523,-0.760725043902982,1.29875646049428,-0.468657863267835,0.155469849741545,-0.173179973730755
0.903133455885976,-0.561234207111131,0.883817817868314,0.296814030633749,-0.687136037239964,-1.06442806754994,-0.742873992056994,-0.778150605403498,-0.702628644014281,-0.774491914448547,1.31494428667733,-0.464864362064041,0.147681302027751,-0.330682602471146
0.86464073350227,-0.783455271610454,0.686467569120181,0.352201396216739,-0.679507513568965,-1.06427335811605,-0.742874047940604,-0.778150603276228,-0.702628427380537,-0.788258784994112,1.33113211286038,-0.461070860860248,0.139892754313958,-0.488185231211538
0.848674135314048,0.35379370553314,0.489117320372048,0.370663851411069,-0.691713151442563,-1.06444392271687,-0.742874103824214,-0.778150605403197,-0.702628665636016,-0.802025655539679,1.34731993904343,-0.457277359656454,0.132104206600164,-0.64568785995193
0.769858125149259,0.458368324121056,0.489117320372048,0.389126306605399,-0.694764560910963,-1.06427976184179,-0.74289331317707,-0.778150603273212,-0.702628426686551,-0.815792526085244,1.36350776522648,-0.45348385845266,0.124315658886371,-0.566936545581734
0.867996770064125,-1.01003361188427,0.291767071623914,0.416819989396893,-0.711547312987161,-1.06442934829509,-0.742874215591434,-0.778150605402895,-0.702628643875484,-0.829559396630809,1.37969559140954,-0.449690357248866,0.116527111172577,-0.488185231211538
0.753789828883405,0.101071710612341,0.143754385062814,0.453744899785553,-0.71917583665816,-1.06428616556753,-0.742874271475044,-0.778150603270196,-0.702628425992565,-0.843326267176376,1.39588341759259,-0.445896856045072,0.108738563458784,-0.409433916841342
0.619904309680896,-0.835742580904412,0.291767071623914,0.481438582577048,-0.713073017721361,-1.06444405079139,-0.742874327358654,-0.778150605402594,-0.702628667803742,-0.857093137721941,1.41207124377564,-0.442103354841278,0.10095001574499,-0.44880957402644
0.688652210160119,-1.01439088765877,0.242429509436881,0.509132265368543,-0.706970198784562,0.499449642522659,-0.742874324966362,1.60140502280521,1.7243755963803,-0.844366455991338,1.46214395672705,-0.439763167625846,0.165867749096948,-0.488185231211538
0.94533815810325,-0.583020585983614,0.242429509436881,0.546057175757203,-0.714598722455561,0.500886706489488,-0.74287432257407,1.60995424551612,1.72737416391898,-0.831639774260734,1.51221666967846,-0.437422980410414,0.230785482448906,-0.527560888396636
1.11329253331247,-0.617878792179586,-0.201608550246419,0.582982086145863,-0.751215636076357,-1.06428893631121,-0.742874320181778,-0.778150581673154,-0.702628643716128,-0.818913092530131,1.56228938262987,-0.435082793194981,0.295703215800863,-0.685063517137028
1.23472003800506,0.262290914268712,-0.152270988059386,0.619906996534523,-0.71917583665816,0.503760834423163,-0.742874317789486,1.62705269093796,1.73337129899632,-0.806186410799528,1.61236209558128,-0.432742605979549,0.360620949152821,-0.842566145877419
1.31195972796656,-0.0601474930440305,-0.00425830149828543,0.656831906923183,-0.71917583665816,0.505197898389992,-0.742874315397194,1.63560191364888,1.73636986653499,-0.793459729068924,1.66243480853269,-0.430402418764117,0.425538682504778,-1.00006877461781
1.27972143735722,0.876666798472723,0.193091947249848,0.693756817311843,-0.706970198784562,-1.06442990244382,-0.742874313004903,-0.778150603217393,-0.702628665604145,-0.78073304733832,1.71250752148411,-0.428062231548685,0.490456415856736,-0.881941803062517
1.29309473456582,-0.71373885921851,0.0944168228757808,0.730681727700503,-0.691713151442563,0.508072026323667,-0.742874310612611,1.65270035907072,1.74236700161233,-0.768006365607717,1.76258023443552,-0.425722044333253,0.555374149208694,-0.763814831507224
1.09534282261043,0.0749280559653618,-0.201608550246419,0.758375410491997,-0.679507513568965,0.509509090290496,-0.742874308220319,1.66124958178164,1.74536556915101,-0.755279683877113,1.81265294738693,-0.423381857117821,0.620291882560651,-0.64568785995193
1.1311913949757,1.08145875987406,-0.250946112433452,0.786069093283492,-0.668827580429566,-1.06428807407283,-0.742874305828027,-0.7781505811602,-0.702628643536214,-0.74255300214651,1.86272566033834,-0.421041669902389,0.685209615912609,-0.685063517137028
1.18539647035355,0.0792853317398584,-0.300283674620485,0.813762776074987,-0.667301875695366,0.512383218224171,-0.742874303435735,1.67834802720348,1.75136270422834,-0.729826320415907,1.91279837328975,-0.418701482686956,0.750127349264566,-0.724439174322125
1.06010443871095,-0.264939454445367,-0.497633923368618,0.841456458866482,-0.652044828353368,0.513820282191,-0.742874301043443,1.68689724991439,1.75436127176702,-0.717099638685303,1.96287108624116,-0.416361295471524,0.815045082616524,-0.763814831507223
0.879336105720092,-0.70066703189502,-0.300283674620485,0.878381369255142,-0.670353285163766,-1.06444403354662,-0.742874298651152,-0.778150605392335,-0.702628665586154,-0.7043729569547,2.01294379919258,-0.414021108256092,0.879962815968482,-0.566936545581734
1.09198678604857,-0.657094274150055,-0.398958798994552,0.933768734838132,-0.656621942555967,0.520236724638511,1.37284700300856,NA,-0.702628665584276,-0.709528428294431,NA,NA,NA,-0.370058259656244
1.40272526225311,2.2884241494096,-0.448296361181585,0.998387328018287,-0.623056438403571,0.525216103119192,1.37432053056207,NA,-0.702628665582398,-0.714683899634162,NA,NA,NA,-0.173179973730755
1.55161124790633,0.236147259621733,-0.645646609929719,1.05377469360128,-0.63068496207457,-1.06428614914009,-0.742683572390374,NA,-0.70262866558052,-0.719839370973893,NA,NA,NA,-0.370058259656244
1.66042819097256,-0.408729555003753,-0.645646609929719,1.0999308315871,-0.742061407671158,0.53517486008054,1.37726758566909,NA,-0.702628665578641,-0.724994842313623,NA,NA,NA,-0.566936545581734
1.59056161163938,1.72633557449955,-0.497633923368618,1.15531819717009,-0.752741340810556,0.540154238561221,1.37874111322259,NA,-0.702628665576763,-0.730150313653354,NA,NA,NA,-0.763814831507223
1.66683516986337,-0.308512212190333,-0.398958798994552,1.19224310755875,-0.562028249035578,-1.06442951745727,-0.742874210239498,NA,-0.702628665574885,-0.735305784993085,NA,NA,NA,-0.763814831507223
1.51428805341539,1.05967238100158,-0.546971485555652,1.22916801794741,-0.575759591643376,0.550112995522569,1.38168816832962,NA,-0.702628665573007,-0.740461256332815,NA,NA,NA,-0.763814831507223
1.493948437889,-0.0993629750144993,-0.744321734303785,1.27532415593324,-0.568131067972377,0.55509237400325,1.38316169588312,NA,-0.702628667798641,-0.745616727672547,NA,NA,NA,-0.763814831507223
1.38716545637541,-0.169079387406444,-0.694984172116752,1.30301783872473,-0.580336705845976,-1.064283161513,-0.742682688273842,NA,-0.702628665569251,-0.750772199012277,NA,NA,NA,-0.685063517137028
1.4888635340074,0.950740486639164,-0.744321734303785,1.33071152151623,-0.548296906427779,0.565051130964598,1.38610875099014,NA,-0.702628665567373,-0.755927670352008,NA,NA,NA,-0.606312202766832
1.4964908898298,0.889738625796212,-0.842996858677852,1.35840520430772,-0.54371979222518,0.570030509445279,1.38758227854365,NA,-0.702628665565495,-0.761083141691739,NA,NA,NA,-0.527560888396636
1.33631641755942,0.423510117925084,-0.744321734303785,1.39533011469638,-0.566605363238177,-1.06444397379408,-0.742874121827845,NA,-0.702628665563617,-0.76623861303147,NA,NA,NA,-0.370058259656244
1.41258997578341,0.501941081866021,-0.744321734303785,1.42302379748788,-0.572708182174977,NA,NA,NA,NA,NA,NA,NA,NA,-0.212555630915853
1.63124084269218,2.58036162630087,-0.694984172116752,1.45994870787654,-0.536091268554181,NA,NA,NA,NA,NA,NA,NA,NA,-0.0550530021754609
1.84480680571935,0.179502674553279,-0.842996858677852,1.47841116307087,-0.497948650199185,NA,NA,NA,NA,NA,NA,NA,NA,-0.173179973730755
1.98718411440413,2.19256408237067,-1.04034710742599,1.48764239066803,-0.429291937160193,NA,NA,NA,NA,NA,NA,NA,NA,-0.291306945286048
1.86006151736414,0.0400698497693896,-0.694984172116752,1.4968736182652,-0.421663413489194,NA,NA,NA,NA,NA,NA,NA,NA,-0.409433916841342
1.84480680571935,0.462725599895553,-0.596309047742685,1.52456730105669,-0.461331736578389,NA,NA,NA,NA,NA,NA,NA,NA,-0.370058259656244
1.71768420867936,0.0444271255438861,-0.694984172116752,1.56149221144535,-0.447600393970591,NA,NA,NA,NA,NA,NA,NA,NA,-0.330682602471146
1.64141065045537,0.584729321581456,-0.842996858677852,1.60764834943117,-0.439971870299592,NA,NA,NA,NA,NA,NA,NA,NA,-0.291306945286049
1.71768420867936,-0.0993629750144993,-0.793659296490819,1.64457325981983,-0.424714822957593,NA,NA,NA,NA,NA,NA,NA,NA,-0.370058259656244
1.84480680571935,0.519370184964008,-0.991009545238952,1.66303571501416,-0.415560594552394,NA,NA,NA,NA,NA,NA,NA,NA,-0.44880957402644
1.61598613104738,1.00738507170762,-0.991009545238952,1.69072939780566,-0.72070154139236,NA,NA,NA,NA,NA,NA,NA,NA,-0.527560888396636
1.61598613104738,1.10760241452104,-0.793659296490819,1.72765430819432,-0.421663413489194,NA,NA,NA,NA,NA,NA,NA,NA,-0.566936545581734
1.77361815137696,1.29496527282439,-0.941671983051918,1.79227290137447,-0.385046499868398,NA,NA,NA,NA,NA,NA,NA,NA,-0.606312202766832
2.01642231172332,3.21652388937736,-1.04034710742599,1.84766026695746,-0.394200728273597,NA,NA,NA,NA,NA,NA,NA,NA,-0.64568785995193
2.22617459683929,1.782980159568,-1.18835979398708,1.88458517734612,-0.3621609288554,NA,NA,NA,NA,NA,NA,NA,NA,-0.724439174322125
2.1600708463785,0.484511978768035,-1.23769735617412,1.91227886013762,-0.328595424703004,NA,NA,NA,NA,NA,NA,NA,NA,-0.803190488692321
2.35329719387927,6.31454696504439,-1.04034710742599,1.94920377052628,-0.703918789316162,NA,NA,NA,NA,NA,NA,NA,NA,-0.881941803062517
2.22871704878009,0.301506396239181,-0.892334420864885,1.96766622572061,-0.237053140651014,NA,NA,NA,NA,NA,NA,NA,NA,-0.842566145877419
2.1880378177273,1.68712009252908,-0.941671983051918,1.9953599085121,-0.238578845385214,NA,NA,NA,NA,NA,NA,NA,NA,-0.803190488692321
2.11430671144411,1.09017331142305,-1.23769735617412,2.04151604649793,NA,NA,NA,NA,NA,NA,NA,NA,NA,-0.763814831507223
2.16235905312522,0.549871115385483,-1.28703491836115,2.09690341208092,NA,NA,NA,NA,NA,NA,NA,NA,NA,-0.763814831507223
2.25159911624729,0.911525004668695,-1.38571004273522,2.17075323285824,NA,NA,NA,NA,NA,NA,NA,NA,NA,-0.763814831507223
2.1600708463785,2.27099504631161,-1.28703491836115,2.25383428123272,NA,NA,NA,NA,NA,NA,NA,NA,NA,-0.763814831507223
