Year,County,Returns,AGI,Median Income,Taxable Assessed,Population
1996,Marin,"117,565","$8,654,216,000","$34,654","$476,110,000","239,500"
1996,Contra Costa,"372,961","$20,488,484,000","$34,281","$889,455,000","877,900"
1996,Santa Clara,"732,090","$43,153,762,000","$33,313","$2,115,591,000","1,638,300"
1996,San Mateo,"314,018","$20,614,491,000","$33,147","$1,023,712,000","698,000"
1996,El Dorado,"48,612","$2,177,425,000","$31,752","$76,293,000","144,700"
1996,Solano,"138,246","$5,514,999,000","$29,717","$152,439,000","372,400"
1996,Alameda,"568,188","$25,880,038,000","$29,680","$1,021,821,000","1,365,000"
1996,Placer,"101,219","$4,370,081,000","$29,623","$151,378,000","209,200"
1996,Ventura,"283,838","$12,657,565,000","$27,534","$478,517,000","714,800"
1996,Sonoma,"183,451","$7,430,970,000","$27,440","$261,266,000","424,500"
1996,Lassen,"9,558","$314,293,000","$27,296","$7,977,000","32,650"
1996,Sacramento,"431,230","$16,166,814,000","$27,277","$517,716,000","1,132,100"
1996,Napa,"47,034","$2,031,036,000","$27,212","$79,011,000","119,000"
1996,Orange,"1,097,555","$51,404,847,000","$27,202","$2,108,110,000","2,649,800"
1996,San Francisco,"380,296","$19,130,044,000","$26,806","$950,647,000","768,200"
1996,Amador,"12,277","$443,653,000","$25,804","$13,946,000","32,950"
1996,Sierra,"1,206","$40,985,000","$25,755","$996,000","3,360"
1996,Nevada,"34,781","$1,254,869,000","$25,158","$38,138,000","87,100"
1996,Calaveras,"14,341","$471,641,000","$24,874","$12,242,000","36,900"
1996,Alpine,293,"$9,377,000","$24,832","$250,000","1,190"
1996,San Bernardino,"510,415","$17,524,124,000","$24,702","$473,851,000","1,592,600"
1996,San Diego,"1,014,658","$40,799,532,000","$24,329","$1,426,387,000","2,694,900"
1996,Yolo,"57,731","$2,198,997,000","$24,327","$73,922,000","152,500"
1996,Santa Cruz,"107,068","$4,446,713,000","$24,325","$177,047,000","243,600"
1996,San Joaquin,"175,554","$6,104,708,000","$24,160","$182,782,000","533,200"
1996,San Luis Obispo,"87,830","$3,110,160,000","$24,122","$98,422,000","230,700"
1996,Santa Barbara,"151,471","$6,318,705,000","$23,899","$247,303,000","393,700"
1996,Plumas,"7,400","$230,747,000","$23,643","$6,019,000","20,250"
1996,San Benito,"17,627","$619,272,000","$23,632","$18,130,000","44,000"
1996,Riverside,"465,357","$15,924,045,000","$23,168","$451,072,000","1,393,300"
1996,Tuolumne,"18,599","$600,363,000","$23,130","$16,620,000","51,600"
1996,Inyo,"7,632","$248,117,000","$22,902","$7,115,000","18,250"
1996,Stanislaus,"144,398","$4,751,071,000","$22,611","$138,756,000","418,500"
1996,Shasta,"57,369","$1,843,709,000","$22,550","$51,423,000","161,700"
1996,Los Angeles,"3,349,710","$138,598,025,000","$22,158","$5,597,369,000","9,396,400"
1996,Mariposa,"5,824","$174,140,000","$21,982","$4,513,000","15,950"
1996,Kern,"194,632","$6,411,332,000","$21,944","$187,469,000","624,100"
1996,Monterey,"138,148","$5,053,178,000","$21,924","$174,320,000","360,200"
1996,Del Norte,"7,594","$217,610,000","$21,710","$5,076,000","27,500"
1996,Sutter,"26,827","$835,759,000","$21,607","$22,953,000","74,600"
1996,Humboldt,"45,449","$1,359,462,000","$21,247","$38,071,000","125,100"
1996,Mendocino,"32,431","$991,447,000","$20,779","$30,277,000","84,800"
1996,Butte,"67,736","$2,034,289,000","$20,609","$56,571,000","196,500"
1996,Yuba,"16,973","$451,273,000","$19,992","$9,570,000","60,500"
1996,Trinity,"4,367","$123,790,000","$19,970","$3,300,000","13,350"
1996,Kings,"32,284","$921,905,000","$19,966","$23,648,000","115,700"
1996,Lake,"18,133","$503,749,000","$19,902","$12,188,000","54,900"
1996,Mono,"4,485","$133,819,000","$19,808","$3,631,000","10,500"
1996,Modoc,"2,877","$66,269,000","$19,764","$1,694,000","10,000"
1996,Fresno,"251,122","$7,877,407,000","$19,719","$241,965,000","769,700"
1996,Siskiyou,"16,178","$442,452,000","$19,684","$11,056,000","44,000"
1996,Merced,"59,987","$1,686,550,000","$19,573","$42,235,000","198,400"
1996,Madera,"36,113","$1,035,128,000","$19,170","$27,222,000","110,300"
1996,Tehama,"16,449","$436,464,000","$18,960","$10,786,000","54,400"
1996,Glenn,"9,244","$246,657,000","$18,672","$6,066,000","26,700"
1996,Tulare,"112,066","$3,035,840,000","$17,213","$82,000,000","353,600"
1996,Colusa,"7,424","$201,037,000","$17,140","$5,845,000","18,250"
1996,Imperial,"44,131","$1,109,357,000","$15,531","$27,589,000","141,200"
1997,Marin,"119,672","$10,310,470,000","$37,154","$604,571,000","243,300"
1997,Contra Costa,"385,027","$22,797,635,000","$35,953","$1,041,314,000","896,200"
1997,Santa Clara,"755,109","$48,769,691,000","$35,762","$2,490,562,000","1,671,400"
1997,San Mateo,"319,640","$22,579,711,000","$35,555","$1,215,704,000","711,700"
1997,El Dorado,"51,060","$2,467,776,000","$33,499","$91,178,000","147,400"
1997,Placer,"105,568","$4,950,260,000","$31,776","$183,853,000","215,600"
1997,Alameda,"588,369","$28,723,809,000","$31,318","$1,206,145,000","1,398,500"
1997,Solano,"142,660","$5,813,499,000","$31,060","$176,116,000","378,600"
1997,Sonoma,"189,101","$8,453,419,000","$29,164","$324,126,000","432,800"
1997,Ventura,"289,578","$14,505,374,000","$29,140","$545,907,000","727,200"
1997,Lassen,"9,548","$331,173,000","$28,995","$8,612,000","33,850"
1997,San Francisco,"390,182","$21,907,851,000","$28,909","$1,146,846,000","777,400"
1997,Napa,"48,057","$2,323,241,000","$28,898","$97,313,000","121,200"
1997,Orange,"1,129,052","$56,912,666,000","$28,814","$2,428,384,000","2,705,300"
1997,Sacramento,"443,665","$17,619,029,000","$28,255","$592,296,000","1,146,800"
1997,Alpine,285,"$10,477,000","$27,832","$314,000","1,230"
1997,Amador,"12,598","$450,015,000","$27,260","$12,831,000","33,450"
1997,Nevada,"35,879","$1,426,695,000","$27,028","$47,596,000","88,400"
1997,Santa Cruz,"109,477","$4,946,574,000","$26,459","$204,329,000","247,200"
1997,San Benito,"18,344","$723,400,000","$26,282","$23,576,000","46,150"
1997,Calaveras,"14,769","$514,250,000","$26,225","$14,120,000","37,950"
1997,Plumas,"7,411","$256,752,000","$26,151","$7,417,000","20,450"
1997,San Diego,"1,049,797","$45,108,169,000","$25,938","$1,738,168,000","2,763,400"
1997,Santa Barbara,"153,273","$7,210,171,000","$25,649","$308,075,000","400,800"
1997,Sierra,"1,246","$40,811,000","$25,618","$1,156,000","3,370"
1997,San Luis Obispo,"90,447","$3,488,914,000","$25,545","$117,356,000","234,700"
1997,Yolo,"59,574","$2,422,171,000","$25,525","$86,527,000","154,800"
1997,San Bernardino,"525,466","$18,950,931,000","$25,501","$538,664,000","1,617,300"
1997,San Joaquin,"180,833","$6,710,986,000","$25,382","$212,640,000","542,200"
1997,Riverside,"483,869","$17,697,239,000","$24,303","$527,793,000","1,423,700"
1997,Tuolumne,"19,154","$667,624,000","$24,293","$20,270,000","52,200"
1997,Inyo,"7,599","$261,680,000","$23,927","$7,758,000","18,300"
1997,Monterey,"140,060","$5,657,108,000","$23,585","$213,064,000","377,800"
1997,Stanislaus,"148,643","$5,130,270,000","$23,573","$159,610,000","425,400"
1997,Shasta,"58,856","$2,061,719,000","$23,445","$62,890,000","163,300"
1997,Los Angeles,"3,415,391","$151,524,324,000","$23,309","$6,452,790,000","9,524,600"
1997,Kern,"197,815","$7,418,367,000","$22,961","$214,175,000","634,400"
1997,Mariposa,"5,922","$186,261,000","$22,859","$5,033,000","15,950"
1997,Del Norte,"7,607","$232,606,000","$22,681","$5,786,000","28,400"
1997,Sutter,"27,562","$905,360,000","$22,560","$26,170,000","76,100"
1997,Humboldt,"45,758","$1,588,942,000","$22,271","$43,795,000","126,100"
1997,Mendocino,"32,909","$1,089,639,000","$21,931","$35,804,000","86,000"
1997,Butte,"69,214","$2,190,606,000","$21,567","$63,136,000","198,500"
1997,Lake,"18,453","$542,780,000","$21,018","$13,763,000","55,100"
1997,Kings,"33,080","$983,893,000","$20,928","$25,201,000","117,700"
1997,Mono,"4,535","$142,953,000","$20,884","$4,019,000","10,500"
1997,Trinity,"4,336","$130,203,000","$20,879","$3,601,000","13,250"
1997,Modoc,"2,862","$71,374,000","$20,771","$1,965,000","10,150"
1997,Fresno,"254,288","$8,403,227,000","$20,642","$269,484,000","778,700"
1997,Yuba,"17,332","$480,540,000","$20,603","$11,335,000","61,200"
1997,Siskiyou,"16,464","$476,383,000","$20,561","$12,475,000","44,300"
1997,Tehama,"16,485","$473,380,000","$20,538","$12,350,000","54,700"
1997,Merced,"62,413","$1,836,474,000","$20,406","$47,240,000","202,000"
1997,Madera,"36,784","$1,130,253,000","$20,091","$31,957,000","113,500"
1997,Glenn,"9,194","$262,306,000","$20,035","$6,765,000","26,900"
1997,Colusa,"7,307","$214,158,000","$18,516","$6,558,000","18,600"
1997,Tulare,"113,716","$3,248,822,000","$18,244","$90,108,000","358,300"
1997,Imperial,"45,316","$1,195,300,000","$16,091","$31,218,000","142,700"
1998,Marin,"119,739","$11,487,296,000","$39,962","$689,703,000","245,000"
1998,Santa Clara,"758,637","$53,025,952,000","$38,105","$2,716,956,000","1,701,400"
1998,San Mateo,"321,447","$25,394,241,000","$37,839","$1,395,644,000","721,400"
1998,Contra Costa,"395,155","$25,169,011,000","$37,676","$1,156,883,000","916,900"
1998,El Dorado,"53,248","$2,842,126,000","$35,333","$109,882,000","150,200"
1998,Placer,"111,536","$5,714,278,000","$33,986","$215,324,000","223,100"
1998,Alameda,"604,608","$31,619,421,000","$32,958","$1,317,304,000","1,428,300"
1998,Solano,"149,874","$6,372,576,000","$32,279","$183,986,000","385,500"
1998,San Francisco,"395,125","$24,578,433,000","$31,122","$1,311,226,000","789,500"
1998,Sonoma,"193,854","$9,509,300,000","$31,061","$377,497,000","440,500"
1998,Ventura,"296,280","$15,256,427,000","$30,790","$592,700,000","738,200"
1998,Orange,"1,152,838","$63,552,596,000","$30,645","$2,746,732,000","2,763,900"
1998,Napa,"48,925","$2,670,313,000","$30,617","$116,038,000","122,600"
1998,Lassen,"9,555","$346,471,000","$29,995","$8,292,000","33,450"
1998,Sacramento,"461,865","$19,887,364,000","$29,231","$639,025,000","1,166,100"
1998,San Benito,"19,320","$838,791,000","$29,167","$26,813,000","47,800"
1998,Nevada,"36,833","$1,586,003,000","$28,772","$53,687,000","90,100"
1998,Amador,"13,054","$492,310,000","$28,403","$13,561,000","33,100"
1998,Santa Cruz,"110,287","$5,363,414,000","$28,153","$219,304,000","250,800"
1998,Calaveras,"15,059","$559,548,000","$28,127","$15,003,000","38,250"
1998,Alpine,277,"$10,487,000","$28,124","$307,000","1,180"
1998,San Diego,"1,088,915","$51,227,165,000","$27,528","$1,987,175,000","2,828,300"
1998,Santa Barbara,"154,968","$8,043,876,000","$27,118","$353,585,000","405,000"
1998,San Luis Obispo,"93,648","$3,988,848,000","$26,906","$139,589,000","238,100"
1998,Yolo,"61,459","$2,574,167,000","$26,742","$88,232,000","156,000"
1998,Sierra,"1,275","$43,222,000","$26,585","$995,000","3,310"
1998,San Joaquin,"188,622","$7,336,527,000","$26,551","$222,469,000","551,500"
1998,San Bernardino,"548,264","$20,677,861,000","$26,471","$545,259,000","1,645,800"
1998,Plumas,"7,654","$278,026,000","$26,196","$7,916,000","20,400"
1998,Tuolumne,"19,559","$728,349,000","$25,874","$21,731,000","52,700"
1998,Riverside,"505,717","$19,833,058,000","$25,748","$581,187,000","1,458,500"
1998,Inyo,"7,617","$279,953,000","$25,409","$8,240,000","18,300"
1998,Monterey,"142,612","$6,237,442,000","$25,155","$232,782,000","384,100"
1998,Stanislaus,"154,037","$5,690,026,000","$24,883","$166,275,000","431,100"
1998,Shasta,"59,554","$2,175,264,000","$24,560","$62,723,000","164,800"
1998,Los Angeles,"3,484,578","$164,611,419,000","$24,495","$6,852,474,000","9,649,550"
1998,Mariposa,"5,921","$198,188,000","$24,121","$5,178,000","16,000"
1998,Del Norte,"7,432","$238,000,000","$23,884","$5,388,000","27,800"
1998,Kern,"202,856","$7,335,379,000","$23,878","$210,747,000","640,100"
1998,Sutter,"28,317","$967,196,000","$23,278","$26,816,000","76,700"
1998,Mono,"4,565","$166,283,000","$23,202","$5,131,000","10,600"
1998,Humboldt,"46,259","$1,564,949,000","$23,175","$45,343,000","125,800"
1998,Mendocino,"33,297","$1,245,199,000","$22,942","$43,087,000","86,200"
1998,Butte,"70,916","$2,410,078,000","$22,542","$70,664,000","199,700"
1998,Lake,"18,887","$581,936,000","$22,078","$13,948,000","55,100"
1998,Kings,"33,415","$1,044,872,000","$21,950","$24,082,000","124,200"
1998,Siskiyou,"16,394","$500,100,000","$21,814","$12,482,000","44,100"
1998,Fresno,"258,265","$9,009,574,000","$21,694","$274,534,000","785,100"
1998,Trinity,"4,321","$134,340,000","$21,671","$3,499,000","13,200"
1998,Yuba,"17,786","$510,861,000","$21,640","$10,887,000","60,300"
1998,Modoc,"2,810","$72,798,000","$21,499","$1,965,000","9,760"
1998,Madera,"37,005","$1,200,269,000","$21,427","$33,228,000","114,700"
1998,Merced,"65,001","$2,015,696,000","$21,378","$48,316,000","204,400"
1998,Tehama,"16,629","$483,010,000","$21,169","$11,136,000","55,200"
1998,Glenn,"9,334","$275,851,000","$20,728","$6,571,000","26,850"
1998,Tulare,"114,501","$3,418,036,000","$19,294","$86,786,000","361,400"
1998,Colusa,"7,415","$224,902,000","$19,252","$6,846,000","18,650"
1998,Imperial,"46,306","$1,300,982,000","$17,133","$31,937,000","143,400"
1999,Marin,"121,155","$13,341,036,000","$42,879","$845,393,000","246,700"
1999,Santa Clara,"770,976","$70,361,237,000","$40,398","$4,211,264,000","1,717,600"
1999,San Mateo,"327,444","$35,303,994,000","$40,132","$2,259,165,000","727,300"
1999,Contra Costa,"407,151","$28,564,771,000","$39,153","$1,401,527,000","932,000"
1999,El Dorado,"55,880","$3,680,954,000","$36,701","$127,454,000","152,400"
1999,Placer,"117,775","$6,668,407,000","$35,749","$273,862,000","232,000"
1999,Alameda,"624,293","$37,361,789,000","$34,588","$1,754,820,000","1,448,700"
1999,San Francisco,"403,075","$31,596,295,000","$33,623","$1,901,399,000","797,200"
1999,Solano,"156,401","$7,019,259,000","$33,528","$214,868,000","394,300"
1999,Sonoma,"201,310","$10,665,649,000","$32,426","$446,137,000","447,300"
1999,Napa,"50,126","$2,987,424,000","$32,385","$136,131,000","124,200"
1999,Orange,"1,181,290","$70,653,817,000","$31,902","$3,215,484,000","2,813,700"
1999,Ventura,"305,378","$16,993,845,000","$31,791","$699,576,000","751,600"
1999,San Benito,"20,443","$976,715,000","$31,312","$34,124,000","49,700"
1999,Lassen,"9,581","$373,417,000","$31,223","$10,350,000","33,350"
1999,Sacramento,"480,575","$21,866,897,000","$30,343","$797,473,000","1,202,100"
1999,Nevada,"38,476","$1,897,494,000","$29,950","$75,109,000","90,500"
1999,Amador,"13,421","$538,814,000","$29,846","$16,138,000","33,650"
1999,Santa Cruz,"111,902","$6,386,930,000","$29,670","$301,516,000","253,400"
1999,Calaveras,"15,492","$625,122,000","$29,426","$18,449,000","38,350"
1999,San Diego,"1,129,345","$58,314,848,000","$28,660","$2,431,464,000","2,883,500"
1999,Alpine,300,"$11,504,000","$28,444","$340,000","1,170"
1999,San Luis Obispo,"96,991","$4,343,383,000","$28,376","$156,837,000","240,500"
1999,Santa Barbara,"157,493","$9,064,731,000","$28,084","$430,864,000","408,600"
1999,Yolo,"64,139","$2,946,815,000","$27,997","$108,656,000","158,900"
1999,Plumas,"7,781","$298,463,000","$27,913","$8,906,000","20,200"
1999,Sierra,"1,319","$47,086,000","$27,781","$1,124,000","3,180"
1999,San Joaquin,"196,622","$8,067,521,000","$27,684","$255,880,000","562,600"
1999,San Bernardino,"570,263","$22,273,749,000","$27,115","$612,367,000","1,674,700"
1999,Tuolumne,"20,254","$778,615,000","$26,703","$23,767,000","52,800"
1999,Riverside,"528,087","$21,741,092,000","$26,674","$665,465,000","1,504,100"
1999,Monterey,"145,666","$6,899,406,000","$26,503","$276,342,000","390,900"
1999,Stanislaus,"159,153","$6,111,043,000","$25,832","$184,153,000","439,800"
1999,Inyo,"7,758","$290,778,000","$25,690","$8,892,000","18,050"
1999,Shasta,"61,560","$2,370,023,000","$25,492","$71,750,000","165,000"
1999,Los Angeles,"3,576,051","$177,875,341,000","$25,308","$7,688,418,000","9,790,000"
1999,Mariposa,"6,051","$213,448,000","$25,080","$5,973,000","15,900"
1999,Del Norte,"7,695","$260,308,000","$24,804","$6,654,000","27,450"
1999,Mono,"4,724","$187,354,000","$24,793","$6,237,000","10,800"
1999,Kern,"205,224","$7,648,494,000","$24,544","$222,452,000","651,700"
1999,Sutter,"29,098","$1,066,183,000","$24,278","$32,131,000","77,700"
1999,Mendocino,"34,087","$1,268,049,000","$23,862","$41,292,000","86,500"
1999,Humboldt,"47,167","$1,648,187,000","$23,585","$49,412,000","126,100"
1999,Butte,"73,388","$2,602,568,000","$23,191","$78,642,000","200,600"
1999,Modoc,"2,835","$85,729,000","$23,075","$2,257,000","9,575"
1999,Lake,"19,482","$641,158,000","$23,043","$16,627,000","55,400"
1999,Kings,"34,401","$1,134,129,000","$23,029","$27,733,000","127,300"
1999,Siskiyou,"16,725","$541,138,000","$22,814","$14,480,000","43,750"
1999,Fresno,"264,302","$9,699,895,000","$22,606","$310,266,000","794,200"
1999,Yuba,"18,525","$556,305,000","$22,436","$12,160,000","60,000"
1999,Tehama,"17,107","$529,772,000","$22,378","$13,063,000","55,300"
1999,Trinity,"4,405","$144,780,000","$22,310","$4,079,000","13,050"
1999,Madera,"37,742","$1,270,488,000","$22,263","$34,658,000","116,600"
1999,Merced,"67,512","$2,173,166,000","$22,116","$54,564,000","207,000"
1999,Glenn,"9,485","$293,101,000","$21,733","$7,204,000","26,900"
1999,Colusa,"7,528","$241,213,000","$20,515","$7,084,000","18,750"
1999,Tulare,"116,444","$3,651,277,000","$19,973","$97,435,000","365,400"
1999,Imperial,"47,066","$1,356,902,000","$18,126","$32,483,000","145,600"
2000,Marin,"122,027","$16,099,725,000","$46,696","$1,071,265,000","250,100"
2000,Santa Clara,"790,270","$99,533,028,000","$45,214","$6,703,655,000","1,709,500"
2000,San Mateo,"331,430","$48,845,972,000","$44,270","$3,423,732,000","717,900"
2000,Contra Costa,"420,142","$33,036,057,000","$42,052","$1,704,790,000","963,000"
2000,El Dorado,"57,949","$3,664,751,000","$39,104","$158,421,000","158,300"
2000,Placer,"124,639","$7,920,273,000","$37,962","$349,502,000","251,800"
2000,Alameda,"645,969","$44,568,117,000","$37,580","$2,255,845,000","1,466,900"
2000,San Francisco,"410,596","$38,443,965,000","$37,458","$2,413,506,000","787,500"
2000,Solano,"162,177","$7,902,943,000","$35,856","$255,508,000","400,300"
2000,Sonoma,"205,582","$12,694,862,000","$34,862","$587,583,000","464,800"
2000,Napa,"50,530","$3,452,741,000","$34,496","$170,184,000","125,800"
2000,San Benito,"21,208","$1,152,453,000","$33,718","$43,548,000","54,500"
2000,Orange,"1,203,042","$77,457,897,000","$33,515","$3,600,331,000","2,893,100"
2000,Ventura,"312,380","$18,963,558,000","$33,412","$818,470,000","765,100"
2000,Lassen,"9,517","$385,031,000","$33,134","$9,941,000","35,600"
2000,Santa Cruz,"112,768","$7,674,434,000","$32,194","$399,980,000","259,300"
2000,Nevada,"39,209","$2,179,745,000","$32,079","$93,145,000","93,000"
2000,Sacramento,"499,364","$23,463,753,000","$31,939","$831,516,000","1,242,000"
2000,Amador,"13,868","$619,020,000","$31,806","$20,427,000","35,450"
2000,Calaveras,"15,983","$724,564,000","$31,420","$23,591,000","41,000"
2000,San Diego,"1,161,370","$67,104,785,000","$30,405","$2,990,783,000","2,856,000"
2000,San Luis Obispo,"99,895","$4,947,747,000","$30,163","$191,847,000","249,900"
2000,Sierra,"1,306","$49,877,000","$30,105","$1,384,000","3,600"
2000,San Joaquin,"206,479","$9,121,025,000","$29,664","$297,978,000","573,600"
2000,Plumas,"7,951","$322,955,000","$29,612","$9,941,000","21,000"
2000,Santa Barbara,"159,549","$10,211,707,000","$29,599","$504,716,000","406,100"
2000,Yolo,"66,590","$3,284,502,000","$29,382","$126,723,000","170,900"
2000,Alpine,304,"$12,889,000","$29,333","$412,000","1,200"
2000,Tuolumne,"20,696","$861,573,000","$28,425","$27,430,000","55,200"
2000,Monterey,"147,851","$7,859,384,000","$28,392","$337,483,000","408,700"
2000,San Bernardino,"591,095","$23,718,086,000","$28,053","$626,207,000","1,742,300"
2000,Riverside,"551,839","$23,830,059,000","$27,888","$729,880,000","1,577,700"
2000,Stanislaus,"165,389","$6,713,167,000","$27,559","$204,010,000","454,600"
2000,Inyo,"7,874","$305,925,000","$27,170","$9,124,000","18,200"
2000,Shasta,"63,467","$2,556,676,000","$26,590","$77,917,000","165,000"
2000,Los Angeles,"3,650,716","$191,850,049,000","$26,478","$8,261,023,000","9,716,100"
2000,Mono,"4,842","$207,504,000","$26,351","$6,901,000","13,150"
2000,Mariposa,"6,093","$225,659,000","$26,330","$6,259,000","17,300"
2000,Kern,"210,196","$8,219,365,000","$25,794","$238,719,000","678,500"
2000,Del Norte,"7,674","$273,844,000","$25,540","$6,897,000","28,250"
2000,Mendocino,"34,547","$1,407,419,000","$25,368","$48,768,000","87,400"
2000,Sutter,"29,772","$1,110,923,000","$25,298","$32,180,000","80,200"
2000,Humboldt,"47,827","$1,768,327,000","$24,633","$53,826,000","127,700"
2000,Lake,"20,133","$719,582,000","$24,569","$19,938,000","59,100"
2000,Butte,"74,509","$2,777,466,000","$24,513","$83,591,000","205,400"
2000,Modoc,"2,793","$91,007,000","$24,390","$2,360,000","9,550"
2000,Trinity,"4,353","$143,267,000","$24,083","$3,557,000","13,100"
2000,Kings,"34,982","$1,197,347,000","$24,022","$28,543,000","134,500"
2000,Siskiyou,"16,680","$576,714,000","$23,838","$16,354,000","44,650"
2000,Yuba,"19,072","$614,825,000","$23,742","$14,003,000","60,800"
2000,Fresno,"270,199","$10,301,185,000","$23,638","$322,573,000","816,400"
2000,Tehama,"17,230","$558,794,000","$23,445","$13,584,000","56,700"
2000,Merced,"69,842","$2,361,495,000","$23,222","$58,497,000","214,400"
2000,Madera,"38,760","$1,343,977,000","$23,034","$36,140,000","127,700"
2000,Glenn,"9,558","$306,940,000","$22,389","$7,622,000","26,900"
2000,Colusa,"7,448","$246,117,000","$21,691","$7,040,000","19,150"
2000,Tulare,"119,088","$3,866,998,000","$21,068","$98,184,000","375,100"
2000,Imperial,"47,479","$1,432,163,000","$19,094","$33,459,000","149,000"
2001,Marin,"119,307","$13,070,415,000","$45,869","$755,186,000","247,900"
2001,Santa Clara,"769,038","$66,471,000,000","$45,585","$3,561,961,000","1,714,800"
2001,San Mateo,"323,173","$33,225,802,000","$44,697","$1,950,141,000","714,900"
2001,Contra Costa,"419,867","$29,672,517,000","$43,012","$1,328,640,000","974,700"
2001,El Dorado,"60,134","$3,667,164,000","$39,978","$137,390,000","162,100"
2001,Placer,"130,815","$7,786,397,000","$38,719","$299,836,000","260,700"
2001,Alameda,"634,697","$39,508,452,000","$38,582","$1,700,557,000","1,479,300"
2001,Solano,"163,714","$8,179,670,000","$37,507","$250,846,000","402,500"
2001,San Francisco,"397,070","$29,622,985,000","$37,315","$1,637,335,000","788,200"
2001,Sonoma,"204,036","$11,129,296,000","$35,322","$428,242,000","466,900"
2001,Napa,"50,265","$3,218,651,000","$35,069","$144,057,000","127,300"
2001,San Benito,"21,155","$1,113,187,000","$34,694","$37,334,000","55,200"
2001,Ventura,"314,511","$18,567,738,000","$34,078","$745,091,000","771,100"
2001,Orange,"1,209,766","$72,836,537,000","$34,047","$3,010,151,000","2,906,500"
2001,Lassen,"9,641","$398,922,000","$33,221","$10,141,000","34,300"
2001,Sacramento,"514,255","$24,385,714,000","$33,012","$806,506,000","1,264,300"
2001,Santa Cruz,"111,596","$6,256,350,000","$32,624","$259,549,000","257,700"
2001,Nevada,"39,612","$1,959,088,000","$32,087","$67,687,000","94,300"
2001,Alpine,296,"$12,492,000","$31,999","$355,000","1,190"
2001,Amador,"14,226","$616,447,000","$31,931","$17,983,000","35,750"
2001,Calaveras,"16,631","$744,289,000","$31,780","$22,092,000","41,400"
2001,Sierra,"1,255","$58,891,000","$31,451","$2,094,000","3,530"
2001,San Diego,"1,173,247","$64,110,170,000","$31,267","$2,551,643,000","2,881,900"
2001,Yolo,"68,440","$3,351,668,000","$30,825","$118,095,000","173,600"
2001,San Joaquin,"213,001","$10,441,672,000","$30,711","$293,337,000","588,400"
2001,San Luis Obispo,"101,058","$4,815,226,000","$30,686","$166,232,000","251,600"
2001,Santa Barbara,"159,792","$8,848,558,000","$30,080","$366,234,000","404,500"
2001,Plumas,"7,909","$321,460,000","$29,717","$8,892,000","20,950"
2001,Monterey,"147,849","$7,394,217,000","$28,994","$279,611,000","407,200"
2001,San Bernardino,"606,752","$25,180,114,000","$28,836","$653,418,000","1,765,400"
2001,Riverside,"576,793","$25,078,103,000","$28,804","$709,748,000","1,613,900"
2001,Stanislaus,"170,125","$7,063,318,000","$28,501","$203,363,000","462,900"
2001,Tuolumne,"21,336","$909,347,000","$28,466","$28,262,000","55,500"
2001,Inyo,"7,952","$318,250,000","$27,870","$9,113,000","18,250"
2001,Shasta,"65,338","$2,668,890,000","$27,314","$78,010,000","167,500"
2001,Mono,"4,954","$214,278,000","$27,285","$6,895,000","13,150"
2001,Los Angeles,"3,682,469","$185,260,578,000","$26,909","$7,396,751,000","9,732,100"
2001,Kern,"213,751","$8,561,726,000","$26,906","$237,571,000","680,700"
2001,Mariposa,"6,288","$225,918,000","$26,236","$5,587,000","16,800"
2001,Sutter,"30,345","$1,151,689,000","$26,158","$31,796,000","80,700"
2001,Lake,"20,697","$760,104,000","$25,741","$19,850,000","59,900"
2001,Del Norte,"7,711","$276,576,000","$25,687","$6,525,000","27,550"
2001,Mendocino,"34,733","$1,337,346,000","$25,340","$40,871,000","87,200"
2001,Modoc,"2,792","$91,044,000","$24,927","$2,224,000","9,425"
2001,Humboldt,"48,012","$1,752,510,000","$24,892","$48,876,000","127,100"
2001,Butte,"75,889","$2,840,131,000","$24,847","$80,268,000","205,800"
2001,Kings,"35,354","$1,241,542,000","$24,795","$28,199,000","132,400"
2001,Fresno,"274,755","$10,555,266,000","$24,483","$317,417,000","819,300"
2001,Tehama,"17,470","$571,962,000","$24,354","$12,501,000","56,500"
2001,Yuba,"19,705","$644,583,000","$24,305","$13,425,000","61,200"
2001,Merced,"71,758","$2,499,690,000","$24,159","$58,434,000","216,400"
2001,Siskiyou,"16,835","$571,723,000","$24,068","$14,544,000","44,350"
2001,Madera,"39,646","$1,398,387,000","$23,876","$35,611,000","129,000"
2001,Trinity,"4,473","$140,930,000","$23,400","$3,104,000","13,000"
2001,Glenn,"9,640","$318,490,000","$23,085","$7,502,000","26,650"
2001,Colusa,"7,527","$245,245,000","$22,591","$6,589,000","19,150"
2001,Tulare,"120,413","$3,973,387,000","$21,611","$98,510,000","375,000"
2001,Imperial,"47,692","$1,509,899,000","$20,230","$34,336,000","148,600"
2002,Marin,"115,735","$11,238,467,000","$44,399","$633,394,000","250,100"
2002,San Mateo,"311,653","$26,795,705,000","$43,477","$1,407,702,000","711,700"
2002,Santa Clara,"733,515","$53,855,875,000","$43,105","$2,554,506,000","1,717,000"
2002,Contra Costa,"415,059","$28,457,604,000","$42,762","$1,216,733,000","989,800"
2002,El Dorado,"61,404","$3,727,513,000","$40,488","$132,518,000","165,400"
2002,Placer,"134,808","$8,126,260,000","$39,155","$310,715,000","273,300"
2002,Solano,"162,555","$8,167,178,000","$38,120","$242,465,000","411,600"
2002,Alameda,"612,164","$35,988,932,000","$38,044","$1,441,016,000","1,488,000"
2002,San Francisco,"378,124","$25,435,374,000","$35,958","$1,304,206,000","788,200"
2002,San Benito,"20,918","$1,053,842,000","$35,358","$32,199,000","55,900"
2002,Sonoma,"200,738","$10,718,662,000","$35,228","$394,485,000","470,700"
2002,Napa,"49,395","$2,963,605,000","$35,208","$122,094,000","128,900"
2002,Ventura,"313,917","$18,514,571,000","$34,614","$708,816,000","788,200"
2002,Alpine,309,"$14,251,000","$34,166","$434,000","1,240"
2002,Orange,"1,197,923","$72,532,968,000","$34,081","$3,089,094,000","2,959,600"
2002,Lassen,"9,716","$405,623,000","$33,499","$10,191,000","34,100"
2002,Sacramento,"518,704","$24,950,183,000","$33,498","$817,711,000","1,302,600"
2002,Amador,"14,423","$636,952,000","$32,930","$18,582,000","36,600"
2002,Calaveras,"17,098","$775,024,000","$32,885","$22,776,000","42,500"
2002,Santa Cruz,"108,296","$5,873,558,000","$31,975","$230,009,000","259,100"
2002,Nevada,"39,536","$1,889,289,000","$31,864","$61,507,000","96,000"
2002,San Diego,"1,163,212","$62,739,416,000","$31,813","$2,359,200,000","2,944,500"
2002,Yolo,"67,544","$3,377,092,000","$31,787","$117,619,000","180,100"
2002,San Luis Obispo,"100,920","$4,943,460,000","$31,122","$171,662,000","255,400"
2002,San Joaquin,"217,135","$9,834,101,000","$30,990","$293,918,000","607,800"
2002,Santa Barbara,"157,209","$8,686,845,000","$30,463","$356,379,000","408,400"
2002,Sierra,"1,233","$49,085,000","$29,976","$1,317,000","3,500"
2002,Plumas,"7,932","$327,739,000","$29,872","$9,052,000","21,100"
2002,Riverside,"603,749","$26,756,630,000","$29,498","$749,668,000","1,682,500"
2002,Monterey,"144,927","$7,039,862,000","$29,429","$246,086,000","413,700"
2002,San Bernardino,"623,000","$26,032,791,000","$29,363","$663,867,000","1,816,500"
2002,Stanislaus,"171,388","$7,283,091,000","$29,121","$209,986,000","477,900"
2002,Tuolumne,"21,552","$894,463,000","$28,636","$26,457,000","56,500"
2002,Inyo,"7,912","$320,747,000","$28,329","$8,993,000","18,400"
2002,Mono,"4,877","$207,854,000","$28,242","$6,105,000","13,400"
2002,Shasta,"65,922","$2,763,911,000","$28,138","$81,153,000","172,100"
2002,Sutter,"30,699","$1,219,650,000","$27,349","$33,689,000","82,600"
2002,Kern,"218,583","$8,878,902,000","$27,295","$251,447,000","698,000"
2002,Los Angeles,"3,668,786","$185,449,207,000","$27,164","$7,232,120,000","9,889,300"
2002,Mariposa,"6,474","$243,971,000","$27,120","$6,305,000","17,550"
2002,Del Norte,"7,643","$279,679,000","$26,759","$6,650,000","27,900"
2002,Kings,"36,190","$1,317,950,000","$25,732","$30,346,000","135,100"
2002,Mendocino,"34,580","$1,309,627,000","$25,684","$37,054,000","88,300"
2002,Lake,"21,095","$771,611,000","$25,651","$19,339,000","61,300"
2002,Humboldt,"47,614","$1,763,450,000","$25,356","$49,446,000","128,400"
2002,Butte,"75,767","$2,957,379,000","$25,332","$87,539,000","209,700"
2002,Modoc,"2,810","$97,176,000","$25,216","$2,557,000","9,350"
2002,Fresno,"276,356","$11,143,983,000","$25,204","$340,998,000","836,100"
2002,Yuba,"19,782","$671,379,000","$25,173","$14,368,000","62,700"
2002,Tehama,"17,655","$603,642,000","$24,973","$13,854,000","57,600"
2002,Siskiyou,"16,876","$586,140,000","$24,865","$14,207,000","44,600"
2002,Merced,"72,658","$2,608,821,000","$24,861","$61,450,000","223,800"
2002,Madera,"40,676","$1,480,721,000","$24,756","$37,466,000","129,500"
2002,Trinity,"4,471","$148,352,000","$24,425","$3,200,000","13,250"
2002,Glenn,"9,740","$324,009,000","$23,681","$7,584,000","26,950"
2002,Colusa,"7,666","$256,607,000","$23,288","$6,479,000","19,600"
2002,Tulare,"122,669","$4,199,541,000","$22,584","$103,916,000","383,100"
2002,Imperial,"48,567","$1,608,742,000","$21,164","$37,861,000","149,300"
2003,Marin,"113,965","$11,802,840,000","$44,797","$680,776,000","250,986"
2003,San Mateo,"304,747","$27,559,255,000","$43,369","$1,467,566,000","717,662"
2003,Contra Costa,"409,959","$29,140,510,000","$42,880","$1,267,208,000","1,002,629"
2003,Santa Clara,"713,405","$55,182,866,000","$42,642","$2,699,803,000","1,732,637"
2003,El Dorado,"63,071","$4,080,710,000","$41,609","$150,549,000","168,791"
2003,Placer,"138,686","$8,735,302,000","$40,015","$340,327,000","290,997"
2003,Solano,"161,505","$8,238,184,000","$38,436","$241,081,000","415,727"
2003,Alameda,"598,611","$36,560,586,000","$38,411","$1,486,493,000","1,493,928"
2003,San Francisco,"366,852","$26,205,393,000","$36,354","$1,362,625,000","791,684"
2003,Alpine,311,"$14,564,000","$36,124","$412,000","1,265"
2003,Napa,"48,610","$2,966,964,000","$35,472","$120,195,000","131,133"
2003,Ventura,"311,843","$19,180,128,000","$35,370","$757,045,000","799,848"
2003,Sonoma,"198,207","$10,770,375,000","$35,346","$392,764,000","473,048"
2003,San Benito,"20,574","$1,054,841,000","$35,059","$32,166,000","56,872"
2003,Orange,"1,197,460","$77,028,501,000","$34,632","$3,264,710,000","3,004,921"
2003,Lassen,"9,652","$411,141,000","$34,615","$10,169,000","34,402"
2003,Sacramento,"519,445","$25,606,416,000","$34,087","$842,713,000","1,332,905"
2003,Amador,"14,557","$667,589,000","$33,632","$19,616,000","36,985"
2003,Calaveras,"17,333","$817,912,000","$33,453","$24,277,000","43,535"
2003,Yolo,"67,594","$3,487,824,000","$32,806","$121,270,000","182,942"
2003,Nevada,"39,624","$1,978,991,000","$32,682","$66,050,000","97,239"
2003,San Diego,"1,161,249","$64,911,102,000","$32,410","$2,461,189,000","2,994,454"
2003,Santa Cruz,"106,718","$6,065,287,000","$32,002","$242,150,000","258,549"
2003,San Luis Obispo,"100,905","$4,184,591,000","$31,831","$179,386,000","256,622"
2003,San Joaquin,"219,886","$10,322,471,000","$31,804","$311,246,000","627,124"
2003,Santa Barbara,"154,998","$9,056,746,000","$31,311","$367,987,000","413,544"
2003,Sierra,"1,203","$57,283,000","$30,309","$2,125,000","3,594"
2003,Plumas,"7,903","$345,350,000","$30,306","$9,170,000","21,034"
2003,Riverside,"634,115","$29,286,669,000","$30,227","$837,868,000","1,767,485"
2003,Stanislaus,"171,197","$7,539,389,000","$29,987","$216,019,000","490,232"
2003,San Bernardino,"639,398","$27,453,889,000","$29,829","$698,175,000","1,870,228"
2003,Monterey,"142,660","$7,176,629,000","$29,789","$253,255,000","421,355"
2003,Tuolumne,"21,512","$898,654,000","$29,122","$25,138,000","56,846"
2003,Inyo,"7,904","$339,271,000","$29,120","$10,638,000","18,577"
2003,Shasta,"65,916","$2,829,685,000","$28,984","$82,098,000","174,811"
2003,Mono,"4,896","$229,171,000","$28,556","$7,854,000","13,397"
2003,Sutter,"31,041","$1,304,912,000","$28,203","$37,539,000","85,423"
2003,Mariposa,"6,481","$247,150,000","$27,984","$6,217,000","17,750"
2003,Del Norte,"7,704","$292,751,000","$27,825","$7,111,000","28,238"
2003,Los Angeles,"3,667,069","$194,717,697,000","$27,746","$7,774,734,000","10,047,407"
2003,Kern,"223,869","$9,440,958,000","$27,729","$264,288,000","721,263"
2003,Lake,"20,792","$778,981,000","$26,702","$19,269,000","62,121"
2003,Yuba,"20,324","$725,422,000","$26,505","$15,877,000","64,439"
2003,Butte,"75,550","$3,056,440,000","$26,205","$90,378,000","211,140"
2003,Humboldt,"47,055","$1,857,639,000","$26,157","$54,483,000","129,828"
2003,Fresno,"277,922","$11,714,007,000","$26,021","$362,664,000","857,378"
2003,Mendocino,"34,050","$1,301,586,000","$26,005","$36,146,000","89,032"
2003,Tehama,"17,633","$629,598,000","$25,978","$14,660,000","58,683"
2003,Kings,"36,834","$1,387,425,000","$25,839","$32,821,000","139,491"
2003,Modoc,"2,824","$99,066,000","$25,749","$2,486,000","9,579"
2003,Madera,"41,545","$1,598,881,000","$25,718","$41,980,000","134,621"
2003,Merced,"73,800","$2,774,463,000","$25,636","$66,784,000","231,128"
2003,Siskiyou,"16,806","$605,757,000","$25,456","$15,455,000","45,133"
2003,Trinity,"4,398","$148,974,000","$25,046","$3,264,000","13,480"
2003,Glenn,"9,737","$332,814,000","$24,523","$7,774,000","27,629"
2003,Colusa,"7,777","$282,086,000","$24,305","$7,525,000","20,052"
2003,Tulare,"123,893","$4,426,610,000","$23,373","$109,107,000","394,771"
2003,Imperial,"48,710","$1,666,666,000","$21,799","$39,624,000","154,751"
2004,Marin,"114,100","$13,345,115,000","$46,699","$817,216,000","251,154"
2004,San Mateo,"304,897","$31,263,671,000","$44,847","$1,779,107,000","717,710"
2004,Santa Clara,"720,181","$62,015,596,000","$44,152","$3,232,121,000","1,743,585"
2004,Contra Costa,"409,062","$31,224,231,453","$43,639","$1,432,765,000","1,013,280"
2004,El Dorado,"64,949","$4,353,953,000","$42,819","$165,253,000","171,745"
2004,Placer,"142,708","$9,590,259,000","$41,301","$390,902,000","303,519"
2004,Alpine,300,"$16,665,000","$40,322","$586,000","1,274"
2004,Alameda,"608,035","$40,224,223,000","$39,779","$1,733,330,000","1,497,251"
2004,Solano,"164,110","$8,702,804,000","$39,205","$265,650,000","419,270"
2004,San Francisco,"371,732","$30,438,915,000","$37,514","$1,710,456,000","791,797"
2004,Napa,"48,797","$3,557,876,000","$36,429","$171,089,000","132,292"
2004,Ventura,"316,856","$21,133,645,000","$36,249","$902,904,000","808,425"
2004,Sonoma,"200,122","$11,499,676,000","$36,099","$447,032,000","477,015"
2004,Lassen,"9,574","$429,926,000","$35,965","$11,307,000","35,325"
2004,Orange,"1,205,419","$84,141,940,000","$35,787","$3,815,080,000","3,036,002"
2004,San Benito,"20,591","$1,092,427,000","$35,729","$35,124,000","57,246"
2004,Calaveras,"17,706","$885,929,000","$35,025","$28,993,000","44,605"
2004,Sacramento,"530,329","$27,470,368,000","$34,772","$945,477,000","1,357,300"
2004,Amador,"14,949","$714,991,000","$34,734","$21,976,000","37,552"
2004,Nevada,"40,113","$2,163,242,000","$34,284","$78,158,000","98,998"
2004,San Diego,"1,186,848","$71,989,561,000","$33,485","$2,981,069,000","3,027,703"
2004,Yolo,"68,992","$3,749,654,000","$33,426","$137,775,000","186,370"
2004,San Luis Obispo,"102,852","$5,607,249,000","$33,014","$215,748,000","260,267"
2004,Santa Cruz,"107,503","$6,467,083,000","$32,946","$277,271,000","259,542"
2004,San Joaquin,"225,154","$11,323,947,000","$32,861","$369,168,000","646,971"
2004,Sierra,"1,194","$58,758,000","$32,732","$2,205,000","3,537"
2004,Santa Barbara,"156,753","$10,400,680,000","$32,265","$483,889,000","416,777"
2004,Plumas,"8,078","$364,046,000","$31,353","$10,535,000","21,378"
2004,Riverside,"685,125","$33,691,908,000","$31,256","$1,043,156,000","1,849,844"
2004,Stanislaus,"174,948","$8,196,949,000","$30,983","$254,235,000","500,153"
2004,San Bernardino,"655,803","$29,600,509,000","$30,653","$808,250,000","1,926,555"
2004,Monterey,"143,478","$7,860,166,000","$30,503","$306,683,000","424,047"
2004,Tuolumne,"21,564","$986,026,000","$30,440","$31,566,000","57,114"
2004,Mono,"4,956","$242,096,000","$29,877","$8,487,000","13,529"
2004,Inyo,"7,929","$354,963,000","$29,751","$11,295,000","18,612"
2004,Shasta,"67,166","$3,178,024,000","$29,719","$102,851,000","178,626"
2004,Sutter,"32,047","$1,423,857,000","$29,369","$45,140,000","88,007"
2004,Mariposa,"6,539","$267,801,000","$28,781","$7,490,000","17,971"
2004,Los Angeles,"3,725,064","$214,654,947,487","$28,686","$9,189,283,000","10,130,668"
2004,Kern,"232,027","$10,285,007,000","$28,426","$309,771,000","746,351"
2004,Del Norte,"7,831","$317,649,000","$28,346","$8,891,000","29,121"
2004,Lake,"21,531","$852,765,000","$27,826","$23,153,000","63,539"
2004,Yuba,"21,453","$793,748,000","$27,268","$18,175,000","66,076"
2004,Butte,"76,995","$3,254,359,000","$27,087","$101,841,000","214,123"
2004,Tehama,"17,859","$672,229,000","$26,915","$17,055,000","60,270"
2004,Humboldt,"47,831","$1,983,280,000","$26,766","$62,553,000","131,810"
2004,Madera,"42,558","$1,739,813,000","$26,688","$49,702,000","138,725"
2004,Mendocino,"34,256","$1,386,355,000","$26,574","$43,720,000","90,182"
2004,Fresno,"286,452","$12,790,830,000","$26,540","$429,337,000","875,973"
2004,Merced,"75,675","$3,047,723,000","$26,407","$80,996,000","238,455"
2004,Kings,"38,028","$1,473,113,000","$26,258","$36,955,000","143,924"
2004,Siskiyou,"17,036","$639,466,000","$25,958","$17,763,000","45,793"
2004,Modoc,"2,895","$99,838,000","$25,939","$2,539,000","9,828"
2004,Glenn,"9,909","$353,452,000","$25,863","$8,807,000","28,087"
2004,Trinity,"4,426","$170,976,000","$25,860","$5,117,000","13,826"
2004,Colusa,"8,073","$305,034,000","$25,403","$8,746,000","20,663"
2004,Tulare,"126,287","$4,767,824,000","$24,048","$132,733,000","406,650"
2004,Imperial,"50,572","$1,779,735,000","$22,308","$43,433,000","159,332"
2005,Marin,"115,164","$15,213,558,000","$48,854","$999,479,000","252,988"
2005,San Mateo,"309,399","$37,792,380,000","$45,992","$2,414,195,000","723,762"
2005,Santa Clara,"735,221","$72,833,574,000","$45,239","$4,186,300,000","1,765,604"
2005,Contra Costa,"413,513","$34,358,965,000","$44,312","$1,670,658,000","1,025,627"
2005,El Dorado,"66,703","$4,824,395,000","$43,935","$195,376,000","175,525"
2005,Placer,"147,382","$10,393,304,000","$42,632","$438,356,000","313,133"
2005,Alpine,294,"$17,278,000","$42,173","$619,000","1,216"
2005,Alameda,"618,948","$43,165,428,000","$40,613","$1,917,287,000","1,502,703"
2005,Solano,"166,286","$9,225,309,000","$39,530","$289,844,000","420,246"
2005,San Francisco,"379,932","$35,645,868,000","$39,187","$2,169,540,000","796,150"
2005,Napa,"49,289","$3,596,465,000","$37,528","$171,620,000","133,574"
2005,Lassen,"9,557","$540,020,000","$37,519","$21,006,000","35,740"
2005,Sonoma,"201,494","$12,718,714,000","$37,345","$539,951,000","478,547"
2005,Ventura,"323,760","$22,649,320,000","$36,901","$1,009,464,000","814,262"
2005,Amador,"14,994","$773,240,000","$36,796","$24,961,000","38,023"
2005,Orange,"1,227,893","$92,702,873,000","$36,787","$4,499,325,000","3,062,275"
2005,Calaveras,"17,999","$960,813,000","$36,424","$32,889,000","45,272"
2005,San Benito,"20,489","$1,125,098,000","$36,380","$35,678,000","57,490"
2005,Nevada,"40,399","$2,321,926,000","$35,827","$88,583,000","99,236"
2005,Sacramento,"541,466","$29,403,073,967","$35,402","$1,052,411,000","1,378,068"
2005,San Diego,"1,211,829","$77,917,616,000","$34,500","$3,369,468,000","3,058,026"
2005,Yolo,"71,658","$4,081,903,000","$34,331","$154,500,000","188,788"
2005,San Luis Obispo,"105,351","$6,149,046,000","$34,217","$249,729,000","261,572"
2005,Plumas,"8,065","$391,004,000","$33,871","$12,492,000","21,161"
2005,Santa Cruz,"108,466","$7,023,272,000","$33,776","$319,418,000","261,295"
2005,San Joaquin,"230,282","$12,222,926,000","$33,428","$418,653,000","662,008"
2005,Santa Barbara,"159,068","$11,534,434,000","$33,186","$573,879,000","418,639"
2005,Sierra,"1,211","$57,566,000","$32,842","$2,012,000","3,489"
2005,Riverside,"722,149","$37,516,178,000","$31,889","$1,204,946,000","1,924,881"
2005,Stanislaus,"179,102","$8,848,348,000","$31,864","$287,462,000","510,164"
2005,Tuolumne,"21,923","$1,033,638,000","$31,745","$32,834,000","57,176"
2005,Inyo,"8,029","$380,441,000","$31,544","$12,596,000","18,378"
2005,Monterey,"145,092","$8,605,548,000","$31,069","$356,615,000","422,925"
2005,Mono,"4,972","$329,124,000","$31,031","$16,717,000","13,649"
2005,San Bernardino,"677,470","$31,346,505,888","$31,026","$915,686,000","1,974,206"
2005,Shasta,"67,773","$3,371,643,000","$31,020","$112,769,000","178,898"
2005,Sutter,"33,286","$1,580,521,000","$30,258","$51,666,000","90,206"
2005,Yuba,"23,161","$1,029,948,000","$29,843","$29,035,000","68,892"
2005,Los Angeles,"3,791,423","$233,651,314,000","$29,551","$10,705,589,000","10,229,226"
2005,Mariposa,"6,632","$294,669,000","$29,521","$9,168,000","18,045"
2005,Kern,"242,041","$11,719,819,000","$29,091","$392,642,000","768,928"
2005,Lake,"21,372","$915,705,000","$28,826","$26,984,000","63,302"
2005,Del Norte,"8,000","$332,335,000","$28,806","$9,231,000","29,115"
2005,Butte,"78,164","$3,512,366,000","$28,025","$114,804,000","214,722"
2005,Madera,"43,812","$1,975,826,000","$27,738","$63,400,000","143,250"
2005,Tehama,"18,280","$720,264,000","$27,517","$19,095,000","60,548"
2005,Mendocino,"34,167","$1,438,213,000","$27,471","$45,984,000","89,825"
2005,Kings,"39,003","$1,602,780,000","$27,416","$43,433,000","146,112"
2005,Humboldt,"48,166","$2,076,396,000","$27,348","$67,078,000","131,022"
2005,Fresno,"294,857","$14,155,877,000","$27,242","$515,532,000","891,134"
2005,Glenn,"10,022","$384,716,000","$27,157","$10,252,000","28,314"
2005,Merced,"77,578","$3,301,389,000","$26,988","$97,740,000","243,457"
2005,Siskiyou,"17,133","$678,578,000","$26,609","$20,590,000","45,789"
2005,Trinity,"4,428","$179,941,000","$26,480","$5,738,000","14,066"
2005,Modoc,"2,916","$107,549,000","$26,434","$3,041,000","9,894"
2005,Colusa,"8,295","$343,142,000","$26,188","$11,280,000","21,275"
2005,Tulare,"130,704","$5,306,622,000","$24,774","$160,608,000","415,820"
2005,Imperial,"52,599","$1,943,181,000","$22,962","$48,756,000","164,293"
2006,Marin,"116,416","$17,317,549,000","$51,720","$1,158,814,000","254,000"
2006,San Mateo,"314,265","$41,064,472,000","$48,117","$2,617,159,000","726,260"
2006,Santa Clara,"754,815","$76,416,997,000","$47,283","$4,255,191,000","1,790,272"
2006,Contra Costa,"419,069","$36,363,211,000","$45,748","$1,771,355,000","1,031,012"
2006,El Dorado,"67,503","$5,141,951,000","$45,487","$209,028,000","176,969"
2006,Placer,"151,509","$10,994,599,000","$44,034","$453,957,000","322,953"
2006,Alpine,308,"$17,450,000","$43,124","$574,000","1,254"
2006,Alameda,"633,683","$47,077,292,000","$42,360","$2,121,972,000","1,513,859"
2006,San Francisco,"387,912","$38,641,911,000","$41,801","$2,361,155,000","806,210"
2006,Solano,"168,929","$9,643,460,000","$40,641","$293,489,000","421,815"
2006,Napa,"50,278","$4,031,042,000","$39,151","$201,412,000","134,186"
2006,Lassen,"9,585","$602,908,000","$39,066","$23,070,000","35,521"
2006,Sonoma,"204,631","$13,740,429,000","$38,714","$601,258,098","477,615"
2006,Ventura,"330,968","$23,831,884,536","$38,200","$1,030,420,000","818,803"
2006,Orange,"1,248,637","$98,851,342,000","$38,150","$4,899,200,000","3,075,341"
2006,Calaveras,"18,205","$998,684,000","$37,996","$33,040,000","45,663"
2006,Amador,"15,201","$815,911,000","$37,945","$25,581,000","38,083"
2006,Nevada,"40,737","$2,444,255,000","$37,468","$93,031,000","99,248"
2006,San Benito,"20,575","$1,166,236,000","$36,987","$36,731,000","57,128"
2006,Sacramento,"551,362","$30,458,720,000","$36,306","$1,051,873,000","1,396,496"
2006,San Diego,"1,231,752","$83,530,195,671","$36,081","$3,626,263,269","3,077,877"
2006,San Luis Obispo,"107,324","$6,528,321,000","$35,963","$264,449,000","264,972"
2006,Yolo,"73,257","$4,317,410,000","$35,808","$162,033,000","193,262"
2006,Sierra,"1,219","$59,838,000","$35,408","$1,937,000","3,464"
2006,Santa Cruz,"109,485","$7,228,146,000","$35,062","$313,858,000","262,150"
2006,Plumas,"8,087","$395,917,000","$34,789","$12,461,000","21,013"
2006,Santa Barbara,"160,668","$12,329,732,000","$34,764","$618,238,000","421,337"
2006,San Joaquin,"234,831","$12,367,262,000","$33,825","$387,244,000","671,115"
2006,Mono,"4,963","$289,129,000","$33,673","$11,089,000","14,019"
2006,Inyo,"8,101","$395,892,000","$33,103","$12,706,000","18,221"
2006,Tuolumne,"22,082","$1,088,561,000","$33,040","$34,013,000","56,882"
2006,Riverside,"752,969","$40,444,166,000","$32,748","$1,276,576,000","2,004,174"
2006,Stanislaus,"182,350","$9,103,627,000","$32,185","$285,698,000","515,660"
2006,Shasta,"68,525","$3,504,976,000","$32,182","$114,063,000","180,129"
2006,San Bernardino,"696,103","$33,895,474,000","$31,778","$954,453,000","2,011,404"
2006,Monterey,"147,856","$9,037,777,000","$31,747","$378,430,000","421,463"
2006,Mariposa,"6,639","$292,254,000","$31,368","$8,064,000","18,187"
2006,Sutter,"33,946","$1,623,831,000","$31,013","$50,133,000","92,715"
2006,Los Angeles,"3,850,747","$253,120,909,683","$30,822","$11,921,755,624","10,247,672"
2006,Del Norte,"7,943","$354,418,000","$30,631","$10,247,000","29,009"
2006,Yuba,"23,512","$984,480,000","$30,240","$22,490,000","70,053"
2006,Kern,"251,070","$12,643,752,000","$30,207","$423,341,000","790,246"
2006,Lake,"21,610","$922,396,000","$30,071","$24,477,000","63,618"
2006,Butte,"79,349","$3,663,156,000","$29,298","$115,505,000","217,548"
2006,Humboldt,"48,120","$2,150,658,000","$28,736","$67,755,000","131,876"
2006,Mendocino,"34,243","$1,575,028,000","$28,680","$54,937,000","89,264"
2006,Kings,"40,407","$1,686,829,000","$28,417","$45,835,000","149,883"
2006,Tehama,"18,371","$740,167,000","$28,417","$19,085,000","61,369"
2006,Madera,"45,118","$2,013,510,000","$28,385","$61,404,000","146,064"
2006,Trinity,"4,454","$179,130,000","$28,214","$4,983,000","13,959"
2006,Siskiyou,"17,184","$703,883,000","$28,202","$20,024,000","45,618"
2006,Fresno,"304,057","$15,123,423,000","$28,035","$542,742,000","906,365"
2006,Glenn,"10,170","$407,261,000","$27,789","$11,406,000","28,628"
2006,Modoc,"2,962","$114,142,000","$27,418","$3,275,000","9,690"
2006,Merced,"80,428","$3,323,430,000","$26,984","$88,422,000","248,258"
2006,Colusa,"8,436","$371,910,000","$26,928","$12,433,000","21,551"
2006,Tulare,"134,750","$5,517,452,000","$25,528","$160,432,000","422,594"
2006,Imperial,"54,708","$2,093,889,000","$23,557","$51,900,000","168,979"
2007,Marin,"119,402","$19,843,688,000","$53,673","$1,383,319,000","255,774"
2007,San Mateo,"326,907","$44,856,060,000","$49,230","$2,911,646,000","732,643"
2007,Santa Clara,"789,217","$84,635,889,000","$48,131","$4,816,485,000","1,815,199"
2007,Contra Costa,"436,286","$38,594,846,000","$46,375","$1,891,388,000","1,042,488"
2007,El Dorado,"70,081","$5,313,256,000","$45,523","$208,379,000","178,354"
2007,Placer,"158,604","$11,411,560,000","$44,604","$461,031,000","330,167"
2007,San Francisco,"403,015","$45,318,520,000","$43,757","$2,888,129,000","829,848"
2007,Alameda,"663,446","$51,083,819,000","$43,220","$2,326,688,000","1,528,679"
2007,Alpine,322,"$18,331,000","$41,249","$630,000","1,255"
2007,Solano,"167,916","$9,755,405,000","$40,910","$300,433,000","423,974"
2007,Napa,"59,720","$4,862,715,000","$40,296","$242,819,000","135,328"
2007,Sonoma,"212,689","$14,108,438,000","$39,344","$589,566,000","480,712"
2007,Lassen,"10,087","$598,595,000","$39,117","$22,376,000","36,260"
2007,Orange,"1,301,859","$102,760,349,000","$38,152","$4,979,146,000","3,094,872"
2007,Amador,"15,821","$855,992,000","$38,080","$27,314,000","38,172"
2007,Calaveras,"18,793","$1,019,416,000","$38,038","$32,593,000","45,903"
2007,Ventura,"345,970","$25,571,313,000","$37,996","$1,136,263,000","824,041"
2007,Nevada,"42,196","$2,614,371,000","$37,504","$100,505,000","99,141"
2007,San Benito,"21,638","$1,301,974,000","$36,813","$45,181,000","57,347"
2007,San Luis Obispo,"112,149","$6,959,455,000","$36,684","$282,707,000","267,162"
2007,Sacramento,"572,597","$31,733,084,000","$36,623","$1,075,049,000","1,412,242"
2007,San Diego,"1,284,642","$87,843,382,000","$36,441","$3,805,388,000","3,114,843"
2007,Yolo,"76,663","$4,781,389,000","$36,316","$187,911,000","197,125"
2007,Santa Barbara,"166,914","$13,393,054,000","$35,511","$686,931,000","425,203"
2007,Santa Cruz,"114,521","$8,018,078,000","$35,302","$367,300,000","264,674"
2007,Sierra,"1,242","$64,166,000","$35,181","$2,206,000","3,397"
2007,Plumas,"8,162","$399,861,000","$34,986","$12,024,000","20,906"
2007,Inyo,"8,320","$417,058,000","$33,690","$13,522,000","18,183"
2007,San Joaquin,"245,911","$12,807,013,000","$33,572","$394,307,000","679,107"
2007,Tuolumne,"22,823","$1,151,764,000","$33,026","$36,920,000","56,583"
2007,Mono,"5,096","$269,108,000","$32,591","$9,329,000","13,759"
2007,Riverside,"791,282","$41,620,899,000","$32,241","$1,251,339,000","2,062,150"
2007,Stanislaus,"188,646","$9,399,671,000","$32,200","$287,105,000","521,316"
2007,Shasta,"71,482","$3,407,773,000","$32,075","$106,095,000","181,165"
2007,Monterey,"155,606","$9,301,841,000","$31,840","$369,639,000","424,787"
2007,San Bernardino,"727,468","$35,273,889,000","$31,380","$973,320,000","2,038,345"
2007,Mariposa,"6,907","$308,631,000","$31,357","$8,568,000","18,299"
2007,Los Angeles,"4,020,431","$271,632,761,000","$31,187","$12,746,553,000","10,273,083"
2007,Sutter,"35,427","$1,694,823,000","$31,136","$50,498,000","94,851"
2007,Yuba,"24,461","$1,036,048,000","$30,566","$23,469,000","71,124"
2007,Kern,"264,154","$13,409,432,000","$30,438","$440,926,000","808,700"
2007,Del Norte,"8,428","$373,272,000","$30,137","$10,297,000","29,301"
2007,Lake,"22,591","$973,158,000","$29,855","$25,856,000","63,744"
2007,Butte,"82,760","$3,951,717,000","$29,710","$129,341,000","218,874"
2007,Humboldt,"49,800","$2,184,618,000","$29,312","$69,066,000","132,184"
2007,Kings,"42,317","$1,805,532,000","$28,963","$49,681,000","152,920"
2007,Glenn,"10,553","$443,814,000","$28,839","$12,857,000","29,004"
2007,Mendocino,"35,653","$1,622,163,000","$28,786","$52,291,000","89,612"
2007,Siskiyou,"17,700","$746,060,000","$28,783","$21,344,000","45,640"
2007,Tehama,"19,315","$775,698,000","$28,368","$19,282,000","61,893"
2007,Fresno,"321,202","$16,281,834,000","$28,180","$584,744,000","921,361"
2007,Modoc,"3,069","$118,770,000","$28,083","$3,666,000","9,659"
2007,Madera,"47,962","$2,096,887,000","$27,968","$60,011,000","149,316"
2007,Colusa,"8,849","$387,930,000","$27,953","$11,693,000","21,776"
2007,Trinity,"4,669","$183,131,000","$27,882","$4,844,000","13,931"
2007,Merced,"82,915","$3,339,869,000","$27,420","$85,380,000","252,255"
2007,Tulare,"142,654","$5,873,932,000","$25,960","$165,898,000","430,167"
2007,Imperial,"58,190","$2,232,607,000","$23,851","$53,300,000","173,790"
2008,Marin,"118,565","$15,182,043,000","$51,904","$940,807,000","257,968"
2008,San Mateo,"324,651","$36,967,345,000","$49,647","$2,142,492,000","742,154"
2008,Santa Clara,"788,320","$72,767,980,000","$48,479","$3,644,854,000","1,847,161"
2008,Contra Costa,"431,104","$36,810,908,000","$46,615","$1,730,845,000","1,056,246"
2008,El Dorado,"68,729","$5,053,723,000","$45,330","$191,255,000","180,316"
2008,San Francisco,"402,572","$39,588,760,000","$44,448","$2,278,124,000","843,402"
2008,Placer,"156,826","$10,794,511,000","$44,439","$409,795,000","338,506"
2008,Alameda,"658,418","$47,997,905,983","$43,872","$2,026,309,000","1,550,552"
2008,Solano,"164,676","$9,728,529,000","$41,501","$303,663,000","425,785"
2008,Lassen,"9,933","$566,931,000","$40,537","$19,088,000","35,769"
2008,Napa,"59,304","$4,265,533,000","$40,349","$187,103,000","137,359"
2008,Sonoma,"209,512","$13,002,046,000","$38,970","$497,238,000","485,478"
2008,Orange,"1,285,666","$94,962,700,383","$38,025","$4,360,887,000","3,124,206"
2008,Ventura,"343,144","$23,678,172,000","$37,912","$970,440,000","832,293"
2008,Amador,"15,196","$794,494,000","$37,699","$23,446,000","37,937"
2008,Calaveras,"18,190","$951,011,000","$37,473","$27,971,000","46,086"
2008,Yolo,"75,619","$4,669,749,000","$37,249","$178,236,000","199,930"
2008,Sacramento,"560,648","$30,667,840,000","$37,243","$999,485,000","1,427,094"
2008,San Benito,"21,129","$1,225,876,000","$36,809","$39,435,000","57,864"
2008,San Diego,"1,270,567","$82,966,903,000","$36,802","$3,415,798,000","3,169,490"
2008,San Luis Obispo,"110,156","$6,347,426,000","$36,547","$233,645,000","270,289"
2008,Alpine,318,"$16,797,000","$36,499","$514,000","1,208"
2008,Nevada,"41,129","$2,355,141,000","$36,185","$81,720,000","98,959"
2008,Sierra,"1,161","$57,289,000","$35,321","$1,680,000","3,343"
2008,Santa Barbara,"165,768","$11,753,707,000","$35,259","$549,524,000","429,670"
2008,Santa Cruz,"113,797","$7,165,107,000","$35,228","$282,275,000","267,951"
2008,San Joaquin,"242,451","$12,103,275,000","$33,922","$367,323,000","686,161"
2008,Plumas,"7,933","$382,852,000","$33,828","$11,171,000","20,759"
2008,Inyo,"8,142","$391,583,000","$33,555","$11,369,000","18,117"
2008,Mono,"5,098","$254,690,000","$32,761","$7,948,000","13,617"
2008,Stanislaus,"183,195","$8,961,412,000","$32,630","$260,125,000","523,966"
2008,Tuolumne,"22,065","$1,053,113,000","$32,414","$30,033,000","56,528"
2008,Riverside,"778,925","$39,238,282,000","$32,316","$1,079,928,000","2,097,437"
2008,Shasta,"69,199","$3,139,300,000","$32,069","$93,552,000","183,001"
2008,San Bernardino,"711,246","$33,839,823,000","$31,726","$863,371,000","2,054,423"
2008,Los Angeles,"3,954,198","$252,317,941,154","$31,679","$11,110,353,406","10,341,410"
2008,Monterey,"155,566","$8,647,973,000","$31,611","$313,776,000","429,198"
2008,Mariposa,"6,607","$294,450,000","$31,608","$7,549,000","18,354"
2008,Yuba,"23,651","$1,011,248,000","$31,341","$21,590,000","72,553"
2008,Kern,"262,547","$13,253,521,000","$31,294","$406,421,000","822,874"
2008,Del Norte,"8,144","$357,657,000","$31,185","$9,125,000","29,428"
2008,Sutter,"34,728","$1,661,474,000","$31,168","$48,564,000","96,095"
2008,Lake,"21,816","$932,179,000","$29,790","$24,660,000","64,193"
2008,Butte,"80,823","$3,774,900,000","$29,783","$115,197,000","220,411"
2008,Kings,"42,161","$1,827,158,000","$29,766","$50,816,000","154,486"
2008,Colusa,"8,868","$433,858,000","$29,452","$14,630,000","21,913"
2008,Humboldt,"49,065","$1,994,531,000","$29,298","$63,240,000","132,795"
2008,Glenn,"10,450","$450,164,000","$29,146","$13,097,000","29,214"
2008,Siskiyou,"17,209","$719,355,000","$29,094","$19,703,000","45,992"
2008,Mendocino,"34,581","$1,489,590,000","$28,972","$43,987,000","90,001"
2008,Fresno,"317,134","$15,140,617,000","$28,584","$474,040,000","936,106"
2008,Modoc,"2,998","$111,884,000","$28,455","$2,940,000","9,682"
2008,Tehama,"18,926","$789,331,000","$28,082","$21,843,000","62,593"
2008,Trinity,"4,534","$176,326,000","$28,012","$4,658,000","13,869"
2008,Madera,"47,829","$2,055,237,000","$27,818","$57,456,000","151,648"
2008,Merced,"81,171","$3,177,224,000","$27,799","$78,412,000","254,944"
2008,Tulare,"141,066","$5,757,095,000","$26,494","$157,840,000","437,886"
2008,Imperial,"58,292","$2,266,012,000","$24,035","$53,621,000","177,826"
2009,Marin,"116,442","$13,276,180,000","$48,172","$836,241,000","259,880"
2009,San Mateo,"319,319","$34,371,432,000","$47,754","$2,077,548,000","750,790"
2009,Santa Clara,"776,675","$66,018,321,000","$45,814","$3,411,051,000","1,872,270"
2009,Contra Costa,"425,527","$33,116,527,000","$44,497","$1,598,824,000","1,069,030"
2009,El Dorado,"67,746","$4,758,866,000","$43,180","$191,219,000","181,607"
2009,San Francisco,"397,231","$33,908,677,000","$42,484","$1,954,733,000","851,674"
2009,Placer,"155,209","$9,837,962,000","$42,414","$396,352,000","344,871"
2009,Alameda,"648,371","$44,987,721,000","$41,964","$2,009,869,000","1,568,817"
2009,Solano,"161,781","$9,172,034,000","$40,214","$317,723,000","426,621"
2009,Alpine,303,"$15,667,000","$39,249","$467,000","1,186"
2009,Lassen,"9,672","$461,575,000","$39,008","$13,040,000","35,466"
2009,Napa,"58,680","$3,778,473,000","$38,084","$170,201,000","138,484"
2009,Sonoma,"206,445","$11,705,282,000","$36,481","$468,926,000","490,310"
2009,Yolo,"74,721","$4,417,464,000","$36,299","$179,061,000","202,320"
2009,Ventura,"340,992","$21,520,274,000","$35,961","$911,549,000","840,590"
2009,Sacramento,"551,256","$28,455,744,000","$35,954","$1,000,482,000","1,440,500"
2009,Orange,"1,269,052","$85,132,614,000","$35,869","$4,037,843,000","3,153,981"
2009,Amador,"14,677","$727,831,000","$35,524","$23,473,000","37,994"
2009,San Diego,"1,257,136","$74,987,808,000","$35,419","$3,175,386,000","3,208,703"
2009,San Luis Obispo,"108,797","$5,752,627,000","$34,921","$226,418,000","272,152"
2009,Calaveras,"17,704","$926,113,000","$34,421","$35,186,000","45,987"
2009,San Benito,"21,029","$1,181,736,000","$34,317","$43,075,000","58,151"
2009,Nevada,"40,024","$2,117,235,000","$33,730","$77,680,000","98,761"
2009,Santa Barbara,"164,537","$10,112,433,000","$33,576","$462,128,000","432,567"
2009,Sierra,"1,101","$47,666,000","$33,408","$1,361,000","3,307"
2009,Santa Cruz,"113,238","$6,588,666,000","$32,932","$275,068,000","270,477"
2009,Inyo,"8,029","$377,896,000","$32,874","$12,466,000","18,147"
2009,San Joaquin,"241,221","$12,328,055,000","$31,937","$457,791,000","691,718"
2009,Plumas,"7,563","$327,884,000","$31,558","$9,570,000","20,505"
2009,Tuolumne,"21,284","$953,951,000","$30,909","$28,959,000","55,803"
2009,Stanislaus,"180,355","$8,296,662,000","$30,711","$267,258,000","527,074"
2009,Riverside,"776,040","$36,920,512,000","$30,482","$1,160,688,000","2,127,529"
2009,San Bernardino,"699,430","$31,736,854,000","$30,440","$925,992,000","2,064,645"
2009,Los Angeles,"3,900,317","$226,151,059,000","$30,112","$10,039,949,000","10,399,410"
2009,Shasta,"68,768","$2,982,430,000","$30,108","$89,769,000","183,850"
2009,Del Norte,"8,093","$332,590,000","$29,962","$9,660,000","29,556"
2009,Mariposa,"6,579","$272,491,000","$29,875","$7,479,000","18,226"
2009,Kern,"262,584","$12,276,380,000","$29,721","$410,197,000","833,933"
2009,Sutter,"34,026","$1,537,754,000","$29,675","$49,093,000","97,263"
2009,Monterey,"156,339","$7,885,709,000","$29,415","$300,289,000","433,818"
2009,Yuba,"23,109","$942,809,000","$29,332","$23,444,000","73,003"
2009,Mono,"5,158","$221,592,000","$29,017","$7,512,000","13,565"
2009,Kings,"42,164","$1,672,372,000","$28,510","$48,975,000","154,704"
2009,Butte,"78,969","$3,525,030,000","$28,508","$116,901,000","221,489"
2009,Lake,"21,343","$837,384,000","$28,307","$22,978,000","64,163"
2009,Humboldt,"48,263","$1,823,209,000","$28,261","$61,609,000","133,136"
2009,Colusa,"8,856","$414,491,000","$27,978","$16,000,000","22,062"
2009,Modoc,"2,952","$103,837,000","$27,499","$3,060,000","9,706"
2009,Glenn,"10,496","$421,313,000","$27,458","$13,839,000","29,272"
2009,Mendocino,"33,884","$1,338,628,000","$27,427","$41,633,000","90,068"
2009,Fresno,"315,962","$14,137,731,000","$27,317","$474,673,000","948,485"
2009,Siskiyou,"16,914","$637,080,000","$27,106","$17,860,000","45,986"
2009,Tehama,"18,785","$739,521,000","$26,661","$23,037,000","62,883"
2009,Merced,"80,738","$3,024,796,000","$26,339","$83,318,000","257,045"
2009,Madera,"47,881","$1,833,266,000","$26,157","$54,740,000","152,905"
2009,Trinity,"4,454","$148,083,000","$25,322","$4,095,000","13,897"
2009,Tulare,"141,517","$5,217,309,000","$25,302","$159,889,000","444,953"
2009,Imperial,"58,462","$2,154,777,000","$22,841","$57,470,000","181,429"
2010,Marin,"117,447","$14,463,708,000","$49,675","$953,350,000","252,767"
2010,San Mateo,"322,311","$37,754,066,000","$48,189","$2,382,519,000","719,582"
2010,Santa Clara,"788,025","$77,997,838,000","$46,365","$4,475,900,000","1,787,553"
2010,Contra Costa,"431,121","$35,126,855,000","$44,492","$1,783,890,000","1,052,192"
2010,El Dorado,"67,923","$4,870,946,000","$43,180","$205,474,000","181,183"
2010,Placer,"157,146","$10,494,401,000","$43,073","$445,611,000","350,609"
2010,San Francisco,"402,721","$38,649,766,000","$42,821","$2,358,105,000","807,177"
2010,Alameda,"658,190","$47,585,985,000","$41,936","$2,242,154,000","1,513,493"
2010,Lassen,"9,487","$461,818,000","$39,966","$13,697,000","34,730"
2010,Solano,"164,176","$9,184,603,000","$39,358","$319,923,000","413,220"
2010,Alpine,300,"$16,369,000","$37,999","$579,000","1,147"
2010,Napa,"59,287","$3,940,184,000","$37,964","$187,557,000","136,681"
2010,Sonoma,"208,204","$12,129,187,000","$36,405","$515,741,000","484,258"
2010,Yolo,"74,976","$4,511,249,000","$36,272","$184,675,000","200,995"
2010,Amador,"14,449","$735,684,000","$35,819","$24,320,000","37,907"
2010,Orange,"1,283,628","$90,255,339,000","$35,814","$4,558,270,000","3,017,089"
2010,Ventura,"345,418","$22,064,475,000","$35,748","$964,358,000","825,378"
2010,San Diego,"1,271,761","$78,659,772,000","$35,544","$3,474,631,000","3,104,581"
2010,Sacramento,"555,409","$28,790,184,000","$35,426","$1,044,328,000","1,420,447"
2010,San Luis Obispo,"109,790","$6,012,434,000","$35,155","$257,036,000","269,753"
2010,Sierra,"1,077","$51,559,000","$34,899","$1,612,000","3,231"
2010,Calaveras,"17,662","$859,268,000","$34,171","$28,899,000","45,258"
2010,Nevada,"39,914","$2,117,316,000","$34,086","$80,161,000","98,484"
2010,San Benito,"21,481","$1,142,344,000","$33,613","$42,940,000","55,350"
2010,Santa Barbara,"167,250","$10,679,351,000","$33,189","$507,878,000","424,291"
2010,Inyo,"8,024","$384,075,000","$33,060","$12,905,000","18,627"
2010,Santa Cruz,"114,054","$6,981,438,000","$32,871","$311,506,000","263,174"
2010,Plumas,"7,388","$329,896,000","$32,208","$10,043,000","19,993"
2010,San Joaquin,"246,554","$11,250,775,000","$31,131","$382,315,000","686,761"
2010,Tuolumne,"21,086","$967,381,000","$30,783","$31,295,000","54,961"
2010,Stanislaus,"181,046","$8,317,203,000","$30,519","$272,980,000","515,311"
2010,Shasta,"68,206","$3,088,408,000","$30,363","$93,161,000","177,480"
2010,Mariposa,"6,616","$284,461,000","$30,320","$8,180,000","18,119"
2010,Riverside,"791,883","$37,331,659,000","$30,055","$1,164,771,000","2,191,800"
2010,Del Norte,"8,076","$338,089,000","$30,033","$10,202,000","28,577"
2010,San Bernardino,"707,534","$31,913,155,000","$29,938","$944,303,000","2,038,771"
2010,Mono,"5,239","$239,167,000","$29,828","$8,123,000","14,114"
2010,Los Angeles,"3,944,376","$240,423,556,000","$29,779","$11,431,847,000","9,827,070"
2010,Sutter,"34,157","$1,548,307,000","$29,373","$50,104,000","94,800"
2010,Kern,"269,801","$12,777,219,000","$29,232","$445,670,000","841,744"
2010,Yuba,"22,762","$937,474,000","$29,190","$23,813,000","72,336"
2010,Monterey,"160,395","$8,348,464,000","$28,945","$336,506,000","415,825"
2010,Humboldt,"48,256","$1,851,288,000","$28,857","$66,995,000","134,575"
2010,Butte,"78,949","$3,583,586,000","$28,709","$123,489,000","220,024"
2010,Kings,"42,831","$1,717,426,000","$28,121","$51,192,000","153,020"
2010,Colusa,"8,775","$408,701,000","$28,051","$16,224,000","21,452"
2010,Siskiyou,"16,622","$684,011,000","$27,718","$21,362,000","44,951"
2010,Glenn,"10,536","$421,369,000","$27,662","$13,673,000","28,188"
2010,Lake,"21,157","$827,977,000","$27,621","$23,441,000","64,466"
2010,Mendocino,"33,803","$1,348,991,000","$27,542","$43,933,000","87,939"
2010,Tehama,"18,676","$739,485,000","$26,966","$22,501,000","63,635"
2010,Fresno,"320,203","$14,464,550,000","$26,950","$489,229,000","933,075"
2010,Modoc,"2,973","$106,657,000","$26,786","$3,062,000","9,676"
2010,Trinity,"4,351","$153,206,000","$26,448","$4,959,000","13,883"
2010,Merced,"82,344","$2,953,047,000","$25,810","$85,002,000","256,386"
2010,Madera,"49,469","$1,909,205,000","$25,692","$57,239,000","151,160"
2010,Tulare,"145,424","$5,468,432,000","$24,835","$171,759,000","443,638"
2010,Imperial,"59,068","$2,217,911,000","$23,018","$61,630,000","175,594"
2011,Marin,"118,316","$15,460,665,000","$52,032","$976,939,000","254,359"
2011,San Mateo,"328,416","$40,680,518,000","$49,741","$2,501,551,000","727,980"
2011,Santa Clara,"804,562","$84,170,232,000","$47,992","$4,706,938,000","1,806,881"
2011,Contra Costa,"437,581","$36,306,655,000","$45,446","$1,727,560,000","1,061,375"
2011,San Francisco,"412,758","$42,729,727,000","$45,013","$2,579,353,000","813,123"
2011,Placer,"159,333","$10,848,527,000","$44,466","$428,025,000","356,367"
2011,El Dorado,"68,358","$4,991,095,000","$44,224","$195,807,000","180,663"
2011,Alameda,"673,054","$50,659,634,000","$42,897","$2,298,992,000","1,526,220"
2011,Alpine,292,"$18,135,000","$41,111","$570,000","1,118"
2011,Lassen,"9,373","$465,671,000","$40,518","$12,002,000","34,668"
2011,Solano,"166,290","$9,421,850,000","$39,662","$301,178,000","414,337"
2011,Napa,"60,138","$4,175,142,000","$38,883","$192,452,000","137,634"
2011,Sonoma,"210,701","$12,583,350,000","$37,225","$503,360,000","486,778"
2011,Yolo,"75,487","$4,617,455,000","$37,092","$174,634,000","202,630"
2011,San Luis Obispo,"111,353","$6,371,736,000","$36,539","$254,953,000","270,119"
2011,Orange,"1,307,608","$94,788,570,000","$36,533","$4,516,447,000","3,047,120"
2011,Amador,"14,421","$732,004,000","$36,408","$21,980,000","37,288"
2011,San Diego,"1,293,340","$82,809,086,000","$36,352","$3,486,531,000","3,125,321"
2011,Ventura,"350,708","$23,241,079,000","$36,307","$957,430,000","830,215"
2011,Sacramento,"558,039","$29,761,291,000","$36,062","$995,166,000","1,430,884"
2011,Calaveras,"17,422","$884,888,000","$35,457","$27,948,000","45,143"
2011,Nevada,"39,917","$2,221,038,000","$35,190","$80,557,000","98,593"
2011,Sierra,"1,072","$52,984,000","$35,157","$1,664,000","3,146"
2011,Inyo,"7,967","$386,699,000","$34,252","$11,724,000","18,687"
2011,San Benito,"22,209","$1,157,712,000","$33,882","$36,957,000","55,950"
2011,Santa Barbara,"171,000","$11,062,483,000","$33,577","$494,916,000","425,756"
2011,Santa Cruz,"115,749","$7,262,664,000","$33,576","$308,185,000","265,569"
2011,Plumas,"7,234","$326,683,000","$33,509","$8,800,000","19,953"
2011,San Joaquin,"248,059","$11,570,484,000","$31,568","$358,606,000","692,862"
2011,Shasta,"67,661","$2,969,166,000","$31,549","$87,504,000","178,089"
2011,Tuolumne,"21,008","$971,202,000","$31,445","$27,658,000","55,041"
2011,Mariposa,"6,479","$284,120,000","$31,198","$7,533,000","17,977"
2011,Del Norte,"7,957","$339,008,000","$31,166","$9,243,000","28,498"
2011,Stanislaus,"182,865","$8,549,944,000","$30,907","$251,497,000","518,141"
2011,Mono,"5,291","$257,189,000","$30,874","$8,593,000","14,305"
2011,Riverside,"807,184","$38,769,105,000","$30,565","$1,099,702,000","2,220,502"
2011,Sutter,"33,973","$1,577,781,000","$30,280","$45,045,000","94,764"
2011,Los Angeles,"4,014,635","$247,542,840,000","$30,255","$11,000,935,000","9,860,836"
2011,San Bernardino,"717,899","$32,866,852,000","$30,246","$869,001,000","2,053,348"
2011,Kern,"278,111","$13,833,654,000","$29,860","$454,907,000","848,839"
2011,Yuba,"22,511","$939,976,000","$29,728","$20,654,000","72,620"
2011,Humboldt,"47,814","$2,130,722,000","$29,727","$61,968,000","135,218"
2011,Butte,"78,722","$3,693,253,000","$29,613","$115,815,000","220,521"
2011,Monterey,"163,483","$8,537,293,000","$29,347","$315,734,000","419,998"
2011,Modoc,"2,831","$107,886,000","$28,847","$2,908,000","9,565"
2011,Siskiyou,"16,303","$663,581,000","$28,700","$17,997,000","44,875"
2011,Colusa,"8,891","$423,152,000","$28,667","$15,612,000","21,502"
2011,Kings,"43,331","$1,830,861,000","$28,602","$50,974,000","151,655"
2011,Glenn,"10,483","$437,985,000","$28,179","$13,363,000","28,255"
2011,Mendocino,"33,762","$1,446,440,000","$27,920","$43,390,000","88,071"
2011,Lake,"21,082","$844,441,000","$27,915","$21,956,000","64,419"
2011,Tehama,"18,478","$789,431,000","$27,869","$24,008,000","63,514"
2011,Fresno,"324,514","$15,179,066,000","$27,366","$473,963,000","939,278"
2011,Trinity,"4,220","$153,051,000","$27,226","$5,170,000","13,546"
2011,Merced,"83,403","$3,120,948,000","$26,316","$76,510,000","259,289"
2011,Madera,"50,351","$1,978,926,000","$25,939","$53,959,000","152,008"
2011,Tulare,"147,599","$5,725,872,000","$25,242","$161,326,000","447,665"
2011,Imperial,"60,083","$2,356,371,000","$23,345","$59,691,000","177,229"
2012,Marin,"119,595","$17,840,252,000","$54,894","$1,349,469,000","253,991"
2012,San Mateo,"333,808","$50,193,792,000","$52,025","$3,936,946,000","735,882"
2012,Santa Clara,"819,369","$99,204,820,000","$49,921","$6,704,484,000","1,826,878"
2012,San Francisco,"419,782","$51,074,860,000","$47,655","$3,844,556,000","822,291"
2012,Contra Costa,"442,593","$40,198,232,000","$47,140","$2,250,938,000","1,069,607"
2012,Placer,"161,285","$11,788,786,000","$46,379","$531,174,000","360,440"
2012,El Dorado,"69,278","$5,459,311,000","$45,735","$243,057,000","182,845"
2012,Alameda,"683,688","$55,225,910,000","$44,821","$2,782,746,000","1,539,357"
2012,Lassen,"9,177","$467,624,000","$40,810","$12,518,000","33,378"
2012,Solano,"167,935","$9,845,698,000","$40,555","$331,451,000","419,347"
2012,Napa,"60,630","$4,632,029,000","$40,494","$257,211,000","138,032"
2012,Sonoma,"213,304","$13,851,336,000","$38,506","$640,264,000","488,487"
2012,Yolo,"76,203","$5,057,751,000","$38,069","$221,080,000","205,025"
2012,San Luis Obispo,"113,027","$6,993,345,000","$37,910","$312,667,000","270,869"
2012,Orange,"1,319,126","$104,587,386,000","$37,691","$5,966,846,000","3,074,546"
2012,Amador,"14,263","$767,187,000","$37,639","$25,598,000","36,471"
2012,San Diego,"1,305,715","$89,329,304,000","$37,371","$4,336,210,000","3,153,877"
2012,Ventura,"352,433","$24,794,348,000","$37,360","$1,159,862,000","833,366"
2012,Sacramento,"560,661","$31,342,983,000","$37,051","$1,154,701,000","1,435,682"
2012,Calaveras,"17,363","$921,223,000","$36,672","$31,330,000","45,683"
2012,Sierra,"1,075","$55,203,000","$36,624","$1,653,000","3,114"
2012,Nevada,"40,000","$2,357,070,000","$35,922","$93,779,000","97,926"
2012,Alpine,304,"$16,483,000","$35,799","$595,000","1,106"
2012,San Benito,"22,724","$1,238,821,000","$35,013","$43,711,000","56,822"
2012,Santa Cruz,"116,724","$7,948,927,000","$34,951","$396,274,000","268,796"
2012,Inyo,"7,982","$401,696,000","$34,838","$12,559,000","18,904"
2012,Santa Barbara,"173,687","$12,222,334,000","$34,528","$666,299,000","426,105"
2012,Plumas,"7,148","$341,629,000","$34,484","$9,898,000","19,558"
2012,San Joaquin,"248,903","$11,853,103,000","$32,505","$527,163,000","698,073"
2012,Shasta,"67,554","$3,094,566,000","$32,470","$97,290,000","178,519"
2012,Tuolumne,"21,015","$1,030,985,000","$32,319","$33,297,000","54,101"
2012,Stanislaus,"183,257","$9,013,498,000","$32,077","$293,416,000","523,197"
2012,Mariposa,"6,363","$286,220,000","$31,705","$7,656,000","18,361"
2012,Del Norte,"7,767","$347,699,000","$31,660","$10,027,000","28,462"
2012,Riverside,"812,869","$40,362,763,000","$31,519","$1,409,309,000","2,249,773"
2012,Los Angeles,"4,033,201","$269,387,091,000","$31,144","$14,519,899,000","9,945,031"
2012,Sutter,"33,975","$1,623,488,000","$31,014","$49,484,000","96,687"
2012,San Bernardino,"720,611","$34,144,379,000","$30,939","$1,057,215,000","2,064,118"
2012,Yuba,"22,297","$972,285,000","$30,906","$23,327,000","73,156"
2012,Kern,"282,307","$14,850,090,000","$30,838","$558,299,000","856,282"
2012,Humboldt,"47,183","$1,951,858,000","$30,799","$67,068,000","134,644"
2012,Butte,"78,869","$3,879,137,000","$30,673","$133,406,000","221,056"
2012,Monterey,"164,592","$9,165,193,000","$30,159","$392,335,000","421,486"
2012,Siskiyou,"15,933","$660,416,000","$29,804","$17,849,000","45,378"
2012,Mono,"5,148","$246,673,000","$29,787","$9,076,000","14,377"
2012,Modoc,"2,748","$115,878,000","$29,423","$3,768,000","9,431"
2012,Colusa,"8,797","$455,572,000","$29,393","$20,352,000","21,472"
2012,Glenn,"10,429","$463,279,000","$29,366","$15,349,000","28,136"
2012,Kings,"42,967","$1,873,418,000","$29,356","$57,442,000","150,718"
2012,Mendocino,"33,507","$1,476,610,000","$29,196","$135,238,000","88,568"
2012,Lake,"20,730","$849,305,000","$28,767","$23,812,000","64,394"
2012,Tehama,"18,514","$850,658,000","$28,370","$32,728,000","63,336"
2012,Trinity,"4,162","$174,295,000","$28,287","$6,961,000","13,432"
2012,Fresno,"325,315","$15,338,943,000","$28,165","$575,443,000","948,790"
2012,Merced,"83,501","$3,340,652,000","$27,289","$97,226,000","261,062"
2012,Madera,"50,056","$2,093,612,000","$26,947","$66,008,000","151,329"
2012,Tulare,"147,577","$5,977,389,000","$26,010","$190,865,000","452,473"
2012,Imperial,"60,030","$2,440,333,000","$23,880","$69,028,000","178,204"
2013,Marin,"120,641","$17,566,433,000","$57,244","$1,283,240,000","255,778"
2013,San Mateo,"339,023","$47,867,382,000","$53,972","$3,528,521,000","742,256"
2013,Santa Clara,"837,410","$98,633,127,000","$51,937","$6,313,320,000","1,853,223"
2013,San Francisco,"428,120","$50,491,011,000","$49,777","$3,583,491,000","830,956"
2013,Contra Costa,"452,448","$40,694,258,000","$48,219","$2,171,758,000","1,081,948"
2013,Placer,"163,524","$12,054,188,000","$47,961","$519,076,000","364,724"
2013,El Dorado,"70,564","$5,771,611,000","$47,590","$262,102,000","182,958"
2013,Alameda,"701,389","$57,675,447,000","$46,217","$2,989,539,000","1,563,495"
2013,Napa,"61,635","$4,765,437,000","$42,110","$257,918,000","138,932"
2013,Solano,"172,601","$10,306,527,000","$41,275","$350,299,000","422,899"
2013,Lassen,"8,990","$464,757,000","$40,012","$12,680,000","33,686"
2013,Sonoma,"218,377","$14,312,831,000","$39,821","$642,534,000","491,619"
2013,Yolo,"77,711","$5,050,997,000","$39,237","$202,744,000","206,136"
2013,San Luis Obispo,"115,317","$7,463,941,000","$39,170","$349,109,000","271,584"
2013,Orange,"1,340,015","$101,954,413,000","$38,322","$5,344,332,000","3,099,463"
2013,Ventura,"356,381","$25,191,289,000","$38,025","$1,141,730,000","839,270"
2013,San Diego,"1,326,440","$91,043,020,000","$37,998","$4,305,807,000","3,176,770"
2013,Amador,"14,603","$784,282,000","$37,846","$25,788,000","36,028"
2013,Calaveras,"17,414","$956,329,000","$37,833","$33,230,000","44,852"
2013,Sacramento,"573,760","$31,973,912,000","$37,495","$1,135,935,000","1,445,457"
2013,Sierra,"1,053","$60,943,000","$36,891","$1,360,000","3,114"
2013,Nevada,"40,638","$2,426,634,000","$36,869","$96,606,000","97,808"
2013,San Benito,"23,315","$1,323,625,000","$36,726","$46,421,000","57,146"
2013,Santa Cruz,"118,640","$8,048,612,000","$36,338","$381,858,000","270,734"
2013,Inyo,"7,951","$409,616,000","$36,266","$13,372,000","18,584"
2013,Alpine,290,"$15,659,000","$35,999","$489,000","1,112"
2013,Plumas,"7,099","$346,908,000","$35,679","$10,478,000","19,792"
2013,Santa Barbara,"176,729","$11,858,586,000","$35,378","$591,108,000","432,110"
2013,Tuolumne,"20,994","$1,054,491,000","$34,191","$32,719,000","54,118"
2013,Shasta,"68,065","$3,279,548,000","$33,299","$99,385,000","178,127"
2013,San Joaquin,"255,926","$12,739,929,000","$33,249","$423,714,000","702,669"
2013,Mariposa,"6,302","$290,078,000","$32,657","$7,688,000","17,890"
2013,Stanislaus,"187,815","$9,479,988,000","$32,627","$312,013,000","526,549"
2013,Riverside,"835,862","$42,268,185,000","$32,188","$1,294,104,000","2,264,569"
2013,Sutter,"34,109","$1,667,291,000","$31,811","$50,009,000","96,712"
2013,Butte,"79,572","$3,982,518,000","$31,630","$134,764,000","221,416"
2013,Mono,"5,204","$262,347,000","$31,546","$10,220,000","14,477"
2013,Yuba,"22,531","$986,743,000","$31,545","$22,599,000","72,994"
2013,Los Angeles,"4,099,191","$267,252,031,000","$31,516","$13,466,440,000","10,013,265"
2013,Humboldt,"47,647","$2,242,973,000","$31,463","$68,534,000","134,698"
2013,Monterey,"167,104","$9,224,800,000","$31,433","$367,276,000","423,943"
2013,Del Norte,"7,921","$352,256,000","$31,242","$10,041,000","28,225"
2013,San Bernardino,"739,455","$35,186,033,000","$31,134","$1,004,183,000","2,074,080"
2013,Colusa,"8,763","$439,158,000","$31,123","$16,737,000","21,665"
2013,Kern,"288,794","$15,020,856,000","$30,938","$534,749,000","865,511"
2013,Glenn,"10,484","$469,047,000","$30,416","$14,887,000","28,628"
2013,Siskiyou,"15,983","$678,174,000","$30,274","$19,385,000","45,308"
2013,Mendocino,"33,901","$1,504,621,000","$29,938","$47,799,000","88,281"
2013,Modoc,"2,779","$114,859,000","$29,789","$3,319,000","9,485"
2013,Kings,"43,690","$1,896,181,000","$29,537","$55,265,000","150,507"
2013,Lake,"20,952","$889,774,000","$29,329","$24,129,000","64,209"
2013,Trinity,"4,118","$180,228,000","$29,192","$5,484,000","13,459"
2013,Tehama,"18,605","$800,085,000","$29,046","$24,212,000","64,114"
2013,Fresno,"331,603","$16,249,545,000","$28,791","$542,740,000","956,967"
2013,Merced,"84,671","$3,442,390,000","$28,087","$94,998,000","262,336"
2013,Madera,"50,816","$2,161,368,000","$27,755","$65,591,000","152,857"
2013,Tulare,"150,683","$6,059,652,000","$26,428","$176,184,000","455,376"
2013,Imperial,"61,021","$2,457,007,000","$24,058","$65,117,000","179,142"
2014,Marin,"121,266","$18,982,580,000","$59,896","$1,423,049,000","260,514"
2014,San Mateo,"346,293","$52,903,912,000","$56,123","$4,033,877,000","754,639"
2014,Santa Clara,"865,304","$110,924,700,000","$54,166","$7,400,017,000","1,889,280"
2014,San Francisco,"439,968","$55,504,905,000","$53,249","$4,074,778,000","852,070"
2014,Contra Costa,"464,282","$42,856,351,000","$49,178","$2,305,214,000","1,102,416"
2014,Placer,"168,514","$13,509,312,000","$49,171","$625,185,000","368,274"
2014,El Dorado,"72,750","$6,011,110,000","$47,956","$263,491,000","182,358"
2014,Alameda,"725,774","$63,605,926,000","$47,730","$3,341,625,000","1,598,779"
2014,Napa,"62,776","$5,067,198,000","$43,471","$266,335,000","140,720"
2014,Solano,"178,574","$10,895,560,000","$41,785","$375,839,000","425,618"
2014,Sonoma,"223,683","$15,397,347,000","$41,038","$706,366,000","497,645"
2014,Lassen,"9,141","$486,904,000","$40,690","$13,811,000","31,803"
2014,San Luis Obispo,"118,783","$7,700,113,000","$40,402","$335,479,000","275,233"
2014,Yolo,"80,562","$5,501,867,000","$39,705","$232,682,000","209,863"
2014,Orange,"1,371,734","$107,330,994,000","$39,023","$5,716,240,000","3,139,615"
2014,Alpine,294,"$18,877,000","$38,999","$663,000","1,164"
2014,Ventura,"362,870","$26,358,703,000","$38,851","$1,220,197,000","847,972"
2014,Amador,"14,843","$1,092,529,000","$38,603","$27,143,000","37,448"
2014,San Diego,"1,367,957","$96,974,338,000","$38,568","$4,627,398,000","3,247,522"
2014,Calaveras,"17,787","$1,022,002,000","$38,499","$37,412,000","45,010"
2014,Nevada,"41,247","$2,619,461,000","$38,025","$110,873,000","98,175"
2014,San Benito,"24,091","$1,436,567,000","$37,934","$51,590,000","57,168"
2014,Sacramento,"593,444","$33,759,251,000","$37,925","$1,254,188,000","1,473,279"
2014,Santa Cruz,"121,791","$8,723,564,000","$37,492","$421,209,000","271,916"
2014,Inyo,"8,095","$439,271,000","$36,446","$15,409,000","18,640"
2014,Santa Barbara,"181,704","$12,729,274,000","$36,143","$648,105,000","440,200"
2014,Plumas,"7,196","$305,431,000","$35,966","$10,411,000","19,720"
2014,Sierra,"1,067","$51,865,000","$35,963","$1,452,000","3,168"
2014,Tuolumne,"21,408","$1,121,161,000","$34,511","$36,241,000","54,688"
2014,San Joaquin,"264,215","$13,670,735,000","$33,964","$470,469,000","717,155"
2014,Shasta,"69,832","$3,561,616,000","$33,591","$109,415,000","179,167"
2014,Mariposa,"6,432","$311,499,000","$33,412","$8,907,000","18,128"
2014,Stanislaus,"195,033","$10,217,119,000","$33,020","$346,161,000","531,796"
2014,Mono,"5,288","$269,021,000","$32,832","$9,829,000","13,910"
2014,Riverside,"864,828","$43,746,050,000","$32,612","$1,396,592,000","2,304,902"
2014,Monterey,"170,941","$9,923,903,000","$32,392","$411,492,000","429,144"
2014,Sutter,"35,156","$1,810,222,000","$32,338","$58,458,000","97,104"
2014,Los Angeles,"4,188,276","$282,946,347,000","$32,317","$14,512,537,000","10,123,688"
2014,Butte,"81,961","$4,307,267,000","$32,036","$154,227,000","223,589"
2014,Yuba,"23,158","$1,049,782,000","$31,976","$25,371,000","74,977"
2014,Colusa,"8,944","$558,793,000","$31,821","$29,230,000","22,139"
2014,Humboldt,"49,155","$2,367,911,000","$31,604","$73,937,000","134,419"
2014,San Bernardino,"764,433","$37,406,461,000","$31,569","$1,072,448,000","2,110,042"
2014,Kern,"298,188","$15,795,857,000","$31,347","$555,726,000","875,843"
2014,Siskiyou,"16,285","$708,989,000","$31,134","$19,660,000","44,635"
2014,Glenn,"10,878","$527,070,000","$31,087","$18,519,000","28,828"
2014,Modoc,"2,803","$121,112,000","$31,073","$3,738,000","9,577"
2014,Del Norte,"8,282","$376,818,000","$31,017","$11,208,000","27,177"
2014,Mendocino,"34,636","$1,613,126,000","$30,802","$54,203,000","88,535"
2014,Kings,"44,895","$2,077,691,000","$30,440","$64,869,000","149,338"
2014,Tehama,"19,055","$828,999,000","$29,897","$22,855,000","63,849"
2014,Lake,"21,247","$928,155,000","$29,495","$26,234,000","64,915"
2014,Trinity,"4,156","$188,800,000","$29,389","$6,361,000","13,614"
2014,Fresno,"342,008","$17,540,307,000","$29,265","$618,626,000","969,102"
2014,Merced,"87,646","$3,794,450,000","$28,517","$113,492,000","267,571"
2014,Madera,"52,099","$2,373,323,000","$28,037","$77,914,000","153,951"
2014,Tulare,"154,312","$6,615,635,000","$27,204","$200,302,000","460,313"
2014,Imperial,"62,102","$2,552,345,000","$23,969","$69,923,000","182,786"
2015,Marin,"122,638","$21,441,642,000","$63,110","$1,678,614,000","262,105"
2015,San Mateo,"351,184","$58,068,378,000","$59,192","$4,491,112,000","764,379"
2015,Santa Clara,"879,122","$122,720,813,000","$57,281","$8,528,899,000","1,915,102"
2015,San Francisco,"447,082","$64,057,822,000","$56,722","$4,921,288,000","863,108"
2015,Contra Costa,"478,539","$47,962,637,000","$50,667","$2,741,367,000","1,116,882"
2015,Placer,"174,047","$14,528,608,000","$50,396","$699,175,000","370,738"
2015,Alameda,"744,071","$69,738,790,000","$50,031","$3,774,824,000","1,619,679"
2015,El Dorado,"75,429","$6,552,662,000","$48,826","$307,168,000","183,140"
2015,Napa,"63,786","$5,807,862,000","$44,878","$338,903,000","141,546"
2015,Solano,"185,585","$11,797,866,000","$42,983","$429,631,000","429,267"
2015,Sonoma,"227,731","$17,207,236,000","$42,963","$866,855,000","501,182"
2015,San Luis Obispo,"121,013","$8,192,363,000","$41,851","$366,275,000","276,844"
2015,Alpine,318,"$21,048,000","$40,869","$910,000","1,157"
2015,Yolo,"82,632","$5,801,476,000","$40,571","$249,763,000","212,686"
2015,Lassen,"9,521","$510,237,000","$40,355","$14,970,000","30,969"
2015,Orange,"1,396,551","$120,957,891,000","$40,243","$6,949,568,000","3,161,218"
2015,Ventura,"368,649","$28,620,713,000","$39,799","$1,420,942,000","852,013"
2015,San Benito,"25,043","$1,587,512,000","$39,663","$60,455,000","57,584"
2015,San Diego,"1,397,132","$105,176,016,000","$39,515","$5,276,070,000","3,275,084"
2015,Amador,"15,391","$895,436,000","$39,090","$30,022,000","37,314"
2015,Santa Cruz,"123,916","$9,612,492,000","$38,989","$489,696,000","274,697"
2015,Calaveras,"18,312","$1,081,947,000","$38,936","$40,423,000","44,899"
2015,Nevada,"42,512","$2,859,106,000","$38,874","$127,862,000","98,190"
2015,Sacramento,"615,436","$37,346,391,000","$38,606","$1,661,945,000","1,489,952"
2015,Santa Barbara,"184,972","$14,070,090,000","$36,985","$791,188,000","444,900"
2015,Inyo,"8,103","$448,786,000","$36,861","$15,858,000","18,640"
2015,Sierra,"1,083","$56,333,000","$36,675","$1,760,000","3,147"
2015,Tuolumne,"21,878","$1,181,634,000","$35,305","$39,872,000","54,525"
2015,San Joaquin,"276,939","$14,999,903,000","$34,684","$535,223,000","727,547"
2015,Plumas,"7,492","$370,009,000","$34,590","$11,200,000","19,586"
2015,Mariposa,"6,445","$316,034,000","$34,208","$9,147,000","18,088"
2015,Colusa,"9,229","$601,212,000","$33,799","$31,496,000","22,271"
2015,Mono,"5,423","$289,204,000","$33,567","$10,570,000","13,818"
2015,Monterey,"174,094","$10,705,455,000","$33,557","$473,644,000","436,242"
2015,Stanislaus,"204,933","$11,200,307,000","$33,465","$396,907,000","538,372"
2015,Shasta,"72,526","$3,822,787,000","$33,381","$123,783,000","178,777"
2015,Riverside,"898,308","$48,450,394,000","$33,375","$1,575,689,000","2,329,256"
2015,Los Angeles,"4,255,233","$310,621,984,000","$33,369","$16,810,162,000","10,185,487"
2015,Sutter,"36,531","$1,947,444,000","$32,792","$67,404,000","97,618"
2015,Butte,"85,171","$4,598,689,000","$32,261","$170,592,000","224,363"
2015,San Bernardino,"789,782","$40,275,000,000","$32,194","$1,224,918,000","2,129,851"
2015,Yuba,"25,021","$1,146,607,000","$32,059","$28,136,000","75,579"
2015,Glenn,"11,209","$578,185,000","$31,968","$21,762,000","28,960"
2015,Del Norte,"8,433","$387,575,000","$31,817","$10,927,000","27,119"
2015,Mendocino,"35,457","$1,723,720,000","$31,583","$60,052,000","88,429"
2015,Humboldt,"50,801","$2,537,063,000","$31,546","$83,371,000","135,090"
2015,Kern,"303,320","$16,015,315,000","$30,942","$568,816,000","883,327"
2015,Kings,"46,286","$2,211,121,000","$30,806","$71,940,000","149,702"
2015,Modoc,"2,892","$123,929,000","$30,412","$3,552,000","9,507"
2015,Tehama,"19,868","$972,066,000","$30,321","$36,850,000","63,970"
2015,Siskiyou,"17,140","$762,230,000","$30,307","$21,320,000","44,500"
2015,Lake,"22,073","$978,467,000","$29,955","$27,390,000","65,180"
2015,Fresno,"352,556","$18,743,128,000","$29,843","$702,959,000","979,357"
2015,Trinity,"4,218","$194,114,000","$29,368","$6,636,000","13,562"
2015,Merced,"91,472","$4,117,743,000","$29,113","$130,553,000","269,729"
2015,Madera,"53,107","$2,565,537,000","$28,850","$89,858,000","154,956"
2015,Tulare,"158,907","$6,988,551,000","$27,811","$215,874,000","463,291"
2015,Imperial,"62,952","$2,665,126,000","$24,921","$74,315,000","185,328"